timestamp,cpu,ram,label
1769809234.8375866,0.0,86.0,0
1769809235.838329,5.7,86.1,0
1769809236.8391263,7.1,86.3,0
1769809237.8399734,4.9,86.2,0
1769809238.8405848,3.5,86.2,0
1769809239.8415687,6.0,86.2,0
1769809240.8427107,4.7,86.1,0
1769809241.843694,6.3,86.2,0
1769809242.844615,4.4,86.2,0
1769809243.845384,4.0,86.2,0
1769809244.846205,4.9,86.2,0
1769809245.8468895,5.8,86.1,0
1769809246.847436,3.1,86.1,0
1769809247.8486843,10.6,86.3,0
1769809248.8500257,4.4,86.2,0
1769809249.8508322,7.7,86.2,0
1769809250.8516576,6.1,86.2,0
1769809251.8523772,7.8,86.2,0
1769809252.8535051,13.2,84.9,0
1769809253.8542407,3.5,84.9,0
1769809254.855217,6.1,85.0,0
1769809255.8558416,6.3,85.0,0
1769809256.8567321,5.3,85.0,0
1769809257.8592172,8.0,85.0,0
1769809258.8606176,10.1,85.0,0
1769809259.8612328,4.3,85.0,0
1769809260.8621693,6.7,84.9,0
1769809261.8633232,3.0,84.9,0
1769809262.8640008,3.0,84.9,0
1769809263.8648832,10.0,84.9,0
1769809264.8659055,5.8,84.7,0
1769809265.8665688,6.9,84.8,0
1769809266.8674102,4.0,84.8,0
1769809267.8684845,5.6,84.8,0
1769809268.869142,7.7,84.8,0
1769809269.8697407,3.6,84.8,0
1769809270.8704848,19.7,85.3,0
1769809271.8715117,15.1,85.3,0
1769809272.872723,5.7,85.3,0
1769809273.8734195,7.7,85.2,0
1769809274.8739562,10.9,85.2,0
1769809275.874931,10.5,85.2,0
1769809276.8757436,15.2,85.2,0
1769809277.8766234,15.5,85.2,0
1769809278.8772376,10.4,85.2,0
1769809279.8778582,7.1,85.2,0
1769809280.8788214,9.1,85.2,0
1769809281.8796613,16.1,85.1,0
1769809282.880411,6.0,84.9,0
1769809283.881255,7.5,84.9,0
1769809284.8824384,7.0,84.9,0
1769809285.8832994,11.8,85.3,0
1769809286.8842235,10.0,85.0,0
1769809287.8856394,13.0,85.0,0
1769809288.8866243,6.7,85.1,0
1769809289.8872755,5.1,85.1,0
1769809290.887857,12.0,85.1,0
1769809291.8888245,12.8,85.1,0
1769809292.8895984,10.6,85.9,0
1769809293.8905227,11.2,86.0,0
1769809294.8913012,4.6,86.0,0
1769809295.8920355,8.8,85.9,0
1769809296.8935907,3.2,85.9,0
1769809297.8942103,5.6,85.9,0
1769809298.8950925,4.0,85.8,0
1769809299.896075,6.9,86.5,0
1769809300.8972456,10.5,86.5,0
1769809301.8981738,3.9,86.5,0
1769809302.899315,1.4,86.4,0
1769809303.900099,1.8,86.4,0
1769809304.9011333,2.9,86.3,0
1769809305.9019804,2.2,86.2,0
1769809306.9029684,3.5,86.2,0
1769809307.9040082,4.6,86.2,0
1769809308.9049008,11.2,86.2,0
1769809309.9053621,5.3,86.2,0
1769809310.9062965,2.8,86.2,0
1769809311.9073727,2.7,86.3,0
1769809312.9083827,7.8,86.3,0
1769809313.9094114,5.4,86.3,0
1769809314.9101214,9.1,86.3,0
1769809315.9107156,1.9,86.4,0
1769809316.9117618,1.9,86.5,0
1769809317.9126337,9.0,86.6,0
1769809318.913875,9.7,86.8,0
1769809319.9154928,6.0,86.8,0
1769809320.916322,3.1,86.8,0
1769809321.9170825,4.3,86.8,0
1769809322.9182777,3.9,86.8,0
1769809323.9190152,8.1,86.3,0
1769809324.919707,14.8,86.4,0
1769809325.9206388,4.2,86.3,0
1769809326.9217095,3.0,86.3,0
1769809327.9223273,11.9,86.2,0
1769809328.9233117,8.4,86.2,0
1769809329.9242613,6.1,85.5,0
1769809330.9252555,2.5,85.5,0
1769809331.926007,4.1,85.5,0
1769809332.9268208,6.2,85.6,0
1769809333.9275756,18.1,85.6,0
1769809334.9282906,11.8,85.6,0
1769809335.9293172,16.4,85.6,0
1769809336.9298816,11.2,85.6,0
1769809337.9304895,10.3,85.6,0
1769809338.9313078,7.1,85.6,0
1769809339.932454,7.7,85.6,0
1769809340.9335575,5.2,85.6,0
1769809341.934428,8.5,85.6,0
1769809342.9350753,6.2,85.6,0
1769809343.9363978,6.7,85.6,0
1769809344.9372823,3.8,85.6,0
1769809345.937895,8.9,85.6,0
1769809346.93847,2.3,85.6,0
1769809347.939007,2.9,85.6,0
1769809348.9398658,3.8,85.6,0
1769809349.9408903,4.6,85.6,0
1769809350.9419048,4.7,85.6,0
1769809351.94266,3.9,85.6,0
1769809352.9434779,5.3,85.8,0
1769809353.9445462,5.0,85.8,0
1769809354.9456043,6.1,85.7,0
1769809355.9464257,1.0,85.7,0
1769809356.947386,3.0,85.7,0
1769809357.94843,2.8,85.7,0
1769809358.9491148,7.8,85.8,0
1769809359.9500513,4.1,85.8,0
1769809360.9513245,6.7,85.8,0
1769809361.9524112,4.6,85.9,0
1769809362.9536452,2.5,85.8,0
1769809363.9542558,1.3,85.8,0
1769809364.955227,6.0,85.8,0
1769809365.9559255,7.9,85.8,0
1769809366.9576337,5.4,85.8,0
1769809367.9586177,14.2,85.9,0
1769809368.9591777,13.7,85.9,0
1769809369.9599862,15.8,86.0,0
1769809370.9609432,10.9,86.0,0
1769809371.9617174,13.9,86.0,0
1769809372.9624298,12.3,86.0,0
1769809373.9634035,13.0,86.0,0
1769809374.9641774,12.9,85.9,0
1769809375.9648547,13.4,85.9,0
1769809376.9658358,15.5,86.0,0
1769809377.9671478,11.2,85.9,0
1769809378.9679673,2.7,85.9,0
1769809379.9689395,4.9,85.9,0
1769809380.969728,10.4,85.9,0
1769809381.9706066,2.2,85.9,0
1769809382.971299,8.4,86.9,0
1769809383.9723623,12.7,86.4,0
1769809384.9731624,16.0,86.4,0
1769809385.9741702,16.2,86.5,0
1769809386.9751058,15.3,86.3,0
1769809387.9758441,10.5,86.3,0
1769809388.976942,4.7,86.2,0
1769809389.9774764,8.2,86.3,0
1769809390.9781487,12.5,86.3,0
1769809391.9793363,8.7,86.2,0
1769809392.9804153,6.1,86.1,0
1769809393.981344,3.5,86.1,0
1769809394.9820423,5.4,86.1,0
1769809395.9829977,10.8,86.2,0
1769809396.9836428,4.0,86.1,0
1769809397.9843116,10.7,86.2,0
1769809398.9852607,7.9,86.2,0
1769809399.985878,11.9,86.2,0
1769809400.9865184,10.6,86.2,0
1769809401.9874988,4.7,86.2,0
1769809402.9883451,4.3,86.2,0
1769809403.988948,2.3,86.2,0
1769809404.9898086,3.0,86.2,0
1769809405.9904187,1.7,86.2,0
1769809406.9908748,2.7,86.2,0
1769809407.9916458,6.2,86.2,0
1769809408.9927123,8.6,86.2,0
1769809409.9934359,3.7,86.2,0
1769809410.9940522,3.1,86.2,0
1769809411.9949691,4.8,86.2,0
1769809412.9956214,5.2,86.4,0
1769809413.9962335,5.6,86.0,0
1769809414.997237,3.2,85.9,0
1769809415.9980726,3.7,85.9,0
1769809416.9991055,5.2,85.9,0
1769809418.0004435,5.7,86.0,0
1769809419.0013654,8.4,86.0,0
1769809420.0021517,5.1,86.0,0
1769809421.0036564,9.3,86.0,0
1769809422.004699,7.1,86.0,0
1769809423.0056317,5.4,86.0,0
1769809424.0065844,3.1,86.0,0
1769809425.007922,2.3,85.9,0
1769809426.0091429,2.1,85.9,0
1769809427.01047,3.1,85.9,0
1769809428.0116427,3.8,85.9,0
1769809429.0122817,5.6,85.9,0
1769809430.013081,2.9,86.0,0
1769809431.01368,6.9,85.9,0
1769809432.0146332,2.8,85.9,0
1769809433.0158262,6.9,85.9,0
1769809434.0182085,5.1,86.0,0
1769809435.019418,4.4,85.9,0
1769809436.0204318,9.2,86.0,0
1769809437.021606,6.9,85.9,0
1769809438.02252,2.9,85.9,0
1769809439.0235145,5.2,85.9,0
1769809440.0241518,10.9,85.8,0
1769809441.0249934,3.7,85.5,0
1769809442.0259085,3.6,85.3,0
1769809443.0268743,5.2,85.3,0
1769809444.0279894,1.6,84.9,0
1769809445.0286775,10.7,85.4,0
1769809446.0292974,4.4,85.4,0
1769809447.030332,2.8,85.3,0
1769809448.031087,1.3,85.4,0
1769809449.031905,6.8,85.3,0
1769809450.0350282,7.9,85.3,0
1769809451.0356505,4.6,85.3,0
1769809452.0367117,4.5,85.3,0
1769809453.037716,5.7,85.3,0
1769809454.038656,5.6,85.3,0
1769809455.03927,3.9,85.4,0
1769809456.039895,1.9,85.4,0
1769809457.0406342,6.7,85.4,0
1769809458.0415578,3.3,85.4,0
1769809459.042851,5.9,85.4,0
1769809460.043652,7.2,85.5,0
1769809461.0446174,9.2,85.5,0
1769809462.045746,7.5,85.5,0
1769809463.0464,5.6,85.5,0
1769809464.0474641,4.6,85.5,0
1769809465.0493624,5.4,85.5,0
1769809466.0503585,2.7,85.5,0
1769809467.0513182,3.5,85.4,0
1769809468.0522656,7.4,85.4,0
1769809469.0529673,3.9,85.4,0
1769809470.0539513,4.0,85.4,0
1769809471.0549173,2.6,85.4,0
1769809472.0557115,6.3,85.3,0
1769809473.056383,15.5,86.9,0
1769809474.0575378,12.3,86.4,0
1769809475.058589,8.6,86.3,0
1769809476.0599074,3.2,86.3,0
1769809477.0608506,2.3,86.3,0
1769809478.061639,1.6,86.3,0
1769809479.0625443,1.4,86.3,0
1769809480.063759,2.8,86.3,0
1769809481.06468,8.2,86.3,0
1769809482.0654495,4.5,86.3,0
1769809483.0663776,3.8,86.3,0
1769809484.0671113,5.0,86.4,0
1769809485.0677152,7.7,86.3,0
1769809486.0684044,1.4,86.3,0
1769809487.0689445,3.0,86.2,0
1769809488.0695505,1.4,86.2,0
1769809489.0706096,7.7,86.2,0
1769809490.071575,5.8,86.2,0
1769809491.0723586,8.8,87.1,0
1769809492.073132,7.0,87.2,0
1769809493.0737193,12.1,87.7,0
1769809494.074674,8.0,88.0,0
1769809495.0753498,3.6,87.9,0
1769809496.0762174,3.2,87.9,0
1769809497.0772085,4.6,87.9,0
1769809498.0780423,4.1,87.9,0
1769809499.078784,8.8,87.9,0
1769809500.0796824,4.3,87.9,0
1769809501.0801978,3.8,87.9,0
1769809502.0812101,3.6,88.0,0
1769809503.0820398,4.8,87.9,0
1769809504.083044,45.0,88.7,0
1769809505.0843663,24.7,85.4,0
1769809506.085262,16.7,85.4,0
1769809507.0861123,17.0,85.4,0
1769809508.0868213,6.4,85.4,0
1769809509.087823,6.3,85.5,0
1769809510.0889041,10.4,85.5,0
1769809511.0898836,3.8,85.5,0
1769809512.090587,3.2,85.5,0
1769809513.0914392,3.0,85.6,0
1769809514.0925055,4.7,85.6,0
1769809515.093181,23.1,85.7,0
1769809516.0942483,23.8,85.8,0
1769809517.0948741,14.8,85.8,0
1769809518.0956926,17.4,86.0,0
1769809519.096426,46.7,87.0,0
1769809520.097474,23.4,87.1,0
1769809521.0984912,15.8,87.0,0
1769809522.0993965,8.4,86.5,0
1769809523.1004276,11.7,85.8,0
1769809524.1011071,7.0,85.8,0
1769809525.1025622,5.5,85.8,0
1769809526.1032526,1.3,85.8,0
1769809527.1040685,2.5,85.8,0
1769809528.1050603,6.6,85.7,0
1769809529.1060908,6.6,85.7,0
1769809530.106956,6.3,85.7,0
1769809531.1076124,12.9,85.9,0
1769809532.1081805,50.4,86.5,0
1769809533.1092787,16.5,86.7,0
1769809534.1103315,6.2,86.8,0
1769809535.1110916,7.7,87.1,0
1769809536.1118016,26.5,87.7,0
1769809537.1127012,27.0,87.8,0
1769809538.1144347,21.7,87.8,0
1769809539.115139,30.6,87.8,0
1769809540.1161861,20.3,87.7,0
1769809541.1169612,12.6,87.7,0
1769809542.1176796,20.7,87.7,0
1769809543.118269,7.4,87.8,0
1769809544.1192756,10.1,87.8,0
1769809545.1200173,9.1,87.4,0
1769809546.1205897,5.9,87.4,0
1769809547.1218498,3.2,87.4,0
1769809548.1227067,8.4,87.3,0
1769809549.1232262,4.4,87.3,0
1769809550.1239874,7.1,87.7,0
1769809551.125046,11.3,86.6,0
1769809552.1260147,11.3,85.5,0
1769809553.1270106,14.0,86.2,0
1769809554.1277409,2.7,86.3,0
1769809555.128618,2.1,86.3,0
1769809556.1294317,7.1,86.4,0
1769809557.1301684,5.1,86.4,0
1769809558.130937,5.6,86.7,0
1769809559.1317303,2.6,86.7,0
1769809560.1326396,2.7,86.7,0
1769809561.1331704,2.9,86.7,0
1769809562.1338804,11.2,86.8,0
1769809563.1345901,11.7,87.4,0
1769809564.1355233,5.8,87.2,0
1769809565.1361382,2.2,87.1,0
1769809566.1367447,2.5,87.2,0
1769809567.137382,2.3,87.2,0
1769809568.1381948,4.9,87.2,0
1769809569.1389892,5.4,87.2,0
1769809570.139962,2.2,87.3,0
1769809571.1409934,4.8,87.3,0
1769809572.1421301,2.7,87.3,0
1769809573.1426492,2.7,87.2,0
1769809574.1432357,2.4,87.2,0
1769809575.1439734,4.2,87.2,0
1769809576.144747,8.2,87.2,0
1769809577.1458797,3.3,87.1,0
1769809578.146868,2.2,87.1,0
1769809579.147534,6.1,87.8,0
1769809580.148566,6.0,88.0,0
1769809581.1493843,3.6,88.3,0
1769809582.1503117,3.6,86.4,0
1769809583.1514533,2.5,85.9,0
1769809584.1521297,2.6,85.9,0
1769809585.1529212,3.4,85.9,0
1769809586.1536443,4.3,85.9,0
1769809587.1544087,5.3,85.9,0
1769809588.1554651,13.8,85.9,0
1769809589.156374,4.9,86.0,0
1769809590.1572506,3.5,85.9,0
1769809591.1583526,3.4,85.9,0
1769809592.1593616,1.7,85.9,0
1769809593.160285,4.0,85.7,0
1769809594.1613061,3.8,85.7,0
1769809595.1621208,5.3,85.4,0
1769809596.1628664,1.7,85.4,0
1769809597.1639106,5.3,85.4,0
1769809598.1643233,3.6,85.5,0
1769809599.1651878,3.1,85.5,0
1769809600.1658149,10.3,85.6,0
1769809601.166867,4.1,85.6,0
1769809602.1677914,5.1,85.5,0
1769809603.1686525,3.9,85.6,0
1769809604.169415,2.9,85.6,0
1769809605.1701527,2.4,85.6,0
1769809606.1709125,3.2,85.5,0
1769809607.1717808,3.5,85.5,0
1769809608.1725478,6.0,85.6,0
1769809609.1735277,6.6,85.4,0
1769809610.1741812,4.3,85.4,0
1769809611.1753392,3.6,85.3,0
1769809612.1761725,8.4,85.2,0
1769809613.1770926,2.9,85.4,0
1769809614.1781375,2.3,85.3,0
1769809615.1794207,2.7,85.3,0
1769809616.1801388,7.2,85.4,0
1769809617.1807945,2.3,85.4,0
1769809618.1815166,3.4,85.3,0
1769809619.1822186,4.7,85.4,0
1769809620.182924,3.5,85.4,0
1769809621.1835647,19.9,87.9,0
1769809622.1844196,5.3,86.2,0
1769809623.1850977,3.0,86.2,0
1769809624.1858745,1.7,86.1,0
1769809625.1864436,2.4,86.1,0
1769809626.1872044,6.2,85.1,0
1769809627.188529,7.2,84.9,0
1769809628.1892755,7.1,85.0,0
1769809629.1901283,1.7,85.0,0
1769809630.190911,4.7,85.1,0
1769809631.1917796,7.4,85.1,0
1769809632.1924858,5.3,85.2,0
1769809633.1931174,4.3,85.2,0
1769809634.1941085,5.4,85.1,0
1769809635.1952276,5.8,85.2,0
1769809636.1959972,5.1,85.2,0
1769809637.19696,8.7,85.2,0
1769809638.1976514,5.2,85.2,0
1769809639.1997194,8.3,85.2,0
1769809640.200708,3.5,85.2,0
1769809641.2014875,7.9,85.3,0
1769809642.2030883,5.8,85.2,0
1769809643.2039146,2.5,85.4,0
1769809644.2045994,1.5,85.4,0
1769809645.2059057,1.9,85.4,0
1769809646.2075605,7.6,85.4,0
1769809647.2081752,2.5,85.4,0
1769809648.212588,16.0,85.4,0
1769809649.2145054,8.6,85.5,0
1769809650.2154913,4.8,85.4,0
1769809651.2164755,3.5,85.5,0
1769809652.2184472,5.2,85.5,0
1769809653.2240403,11.5,86.2,0
1769809654.225033,4.0,86.2,0
1769809655.2256703,2.1,86.2,0
1769809656.2264168,2.4,86.2,0
1769809657.2282178,1.8,86.2,0
1769809658.229289,5.1,86.3,0
1769809659.2298565,2.7,86.3,0
1769809660.2305617,10.3,86.3,0
1769809661.2311256,4.0,86.3,0
1769809662.2321188,2.7,86.3,0
1769809663.2331438,1.8,86.2,0
1769809664.233717,2.4,86.2,0
1769809665.2344086,3.1,86.2,0
1769809666.2353213,2.1,86.2,0
1769809667.2358823,2.7,86.2,0
1769809668.2364612,3.0,86.2,0
1769809669.2373192,4.3,86.1,0
1769809670.2381988,3.0,86.2,0
1769809671.238908,2.3,86.2,0
1769809672.241464,11.2,86.0,0
1769809673.2422523,5.4,86.3,0
1769809674.2429304,4.5,86.3,0
1769809675.2438533,6.3,86.2,0
1769809676.245083,3.8,86.2,0
1769809677.2455955,3.8,86.2,0
1769809678.2464027,2.1,86.1,0
1769809679.2473042,3.9,86.1,0
1769809680.2479727,3.5,85.9,0
1769809681.2487009,2.7,85.7,0
1769809682.2495873,3.8,85.5,0
1769809683.2506785,14.1,85.0,0
1769809684.2513676,6.3,84.8,0
1769809685.2522497,8.6,85.3,0
1769809686.2530556,10.2,85.3,0
1769809687.254415,6.6,85.3,0
1769809688.2554038,1.9,85.3,0
1769809689.2578535,3.1,85.4,0
1769809690.258791,3.9,85.4,0
1769809691.2595358,3.2,85.4,0
1769809692.2604692,2.3,85.4,0
1769809693.261208,4.5,85.4,0
1769809694.262249,4.0,85.4,0
1769809695.2630727,5.7,85.3,0
1769809696.2636662,5.0,85.4,0
1769809697.2646503,3.3,85.4,0
1769809698.2656813,2.6,85.4,0
1769809699.2665932,6.2,85.4,0
1769809700.267192,2.5,85.4,0
1769809701.2679687,3.1,85.4,0
1769809702.2689264,7.0,85.4,0
1769809703.2696877,11.6,85.4,0
1769809704.2703931,6.2,85.4,0
1769809705.2716541,4.9,85.4,0
1769809706.2729034,2.9,85.4,0
1769809707.273542,1.6,85.4,0
1769809708.2743213,1.8,85.4,0
1769809709.2753608,7.2,85.4,0
1769809710.2767518,6.3,85.5,0
1769809711.2779355,3.1,85.4,0
1769809712.2791603,2.6,85.4,0
1769809713.2799191,5.7,85.5,0
1769809714.28083,2.3,85.6,0
1769809715.2815263,13.3,85.1,0
1769809716.2824821,2.6,85.1,0
1769809717.2833986,2.9,85.1,0
1769809718.2843187,4.6,85.1,0
1769809719.2853472,3.2,85.0,0
1769809720.2863135,2.5,85.1,0
1769809721.287331,6.1,85.1,0
1769809722.2879977,5.8,85.1,0
1769809723.2886744,6.0,85.0,0
1769809724.2895463,4.7,85.1,0
1769809725.2901242,7.8,85.1,0
1769809726.290741,7.2,85.0,0
1769809727.2918923,8.3,85.0,0
1769809728.292463,2.2,85.1,0
1769809729.2933452,2.3,85.1,0
1769809730.2940667,2.3,85.1,0
1769809731.2951343,3.4,85.0,0
1769809732.2961626,4.6,85.1,0
1769809733.2970464,3.2,85.1,0
1769809734.2978103,7.1,85.1,0
1769809736.155682,8.5,85.1,1
1769809737.4498463,12.9,85.1,1
1769809738.6030142,12.2,85.1,1
1769809739.9188714,18.2,85.1,1
1769809741.3358603,13.4,85.1,1
1769809742.935278,14.1,86.0,1
1769809743.9806302,25.4,85.7,1
1769809745.104838,16.7,86.1,1
1769809746.3055134,13.0,86.2,1
1769809747.4107594,11.5,86.1,1
1769809748.5664868,10.1,86.1,1
1769809749.656367,11.1,86.1,1
1769809750.780644,10.4,86.2,1
1769809751.949872,13.9,86.2,1
1769809753.160932,11.2,86.1,1
1769809754.273571,10.2,86.1,1
1769809755.6899993,11.8,86.0,1
1769809756.8003695,9.7,86.0,1
1769809757.8442926,10.6,86.0,1
1769809759.2457664,21.9,86.0,1
1769809760.4598298,11.7,85.9,1
1769809761.5840602,10.5,85.9,1
1769809762.6894567,12.5,86.9,1
1769809763.845816,14.9,86.5,1
1769809765.19351,10.8,86.6,1
1769809766.3678968,10.5,86.6,1
1769809767.787102,10.2,86.5,1
1769809768.8806193,11.2,86.6,1
1769809770.7384307,10.6,86.6,1
1769809772.0340521,11.0,86.6,1
1769809773.0927618,10.4,86.7,1
1769809774.2167125,15.8,86.6,1
1769809775.5261524,16.2,86.4,1
1769809776.7579756,12.0,86.3,1
1769809777.9105859,27.8,87.2,1
1769809779.4032829,60.4,89.3,1
1769809780.80547,34.6,90.0,1
1769809782.2657382,28.3,91.4,1
1769809783.4668827,29.7,91.7,1
1769809784.555375,38.4,90.6,1
1769809785.6280878,34.4,89.5,1
1769809786.738022,32.9,87.5,1
1769809787.9941854,40.5,88.2,1
1769809789.1934958,32.5,88.4,1
1769809790.5216181,30.5,89.5,1
1769809791.718342,38.1,89.5,1
1769809793.242934,35.4,89.3,1
1769809794.4586613,25.3,89.4,1
1769809796.1699932,32.5,87.2,1
1769809797.4086494,29.6,87.4,1
1769809798.450074,23.9,87.7,1
1769809799.6823237,36.8,88.1,1
1769809800.8352554,25.4,88.5,1
1769809802.0707214,26.6,88.8,1
1769809803.341418,25.0,88.8,1
1769809804.5882013,25.9,88.6,1
1769809805.852918,15.8,88.7,1
1769809807.053079,22.4,88.6,1
1769809808.191,29.4,87.8,1
1769809809.3323898,38.0,88.3,1
1769809810.5306742,25.5,88.1,1
1769809811.7343233,29.2,88.5,1
1769809812.8301451,28.4,88.5,1
1769809814.564365,17.9,88.9,1
1769809815.7670193,14.8,89.2,1
1769809816.9410696,17.7,89.1,1
1769809818.0337,31.0,89.4,1
1769809819.1411495,26.2,89.8,1
1769809820.4664032,22.7,89.0,1
1769809821.6945815,19.7,89.0,1
1769809822.7593496,19.2,88.8,1
1769809824.1031551,17.7,89.0,1
1769809825.3217554,17.0,89.1,1
1769809826.9335046,18.2,89.3,1
1769809828.3528886,18.7,89.3,1
1769809829.632201,23.3,89.3,1
1769809830.6768231,19.0,89.2,1
1769809831.8094654,20.6,88.9,1
1769809833.2927992,21.9,89.6,1
1769809834.3539984,25.9,89.6,1
1769809835.555557,16.2,89.7,1
1769809836.6497629,15.9,89.6,1
1769809837.9107666,16.3,89.8,1
1769809839.357186,19.7,89.6,1
1769809840.475407,19.4,89.6,1
1769809841.756023,14.1,79.9,1
1769809843.0995216,19.6,80.0,1
1769809844.2239468,18.1,80.1,1
1769809845.3836925,18.7,80.0,1
1769809846.4912367,22.1,80.0,1
1769809847.5572422,19.9,80.0,1
1769809848.5909274,19.1,80.1,1
1769809849.8570485,25.5,80.2,1
1769809851.6007864,23.1,80.5,1
1769809852.9296281,19.9,80.3,1
1769809854.0658517,26.7,77.7,1
1769809855.1137915,17.8,77.8,1
1769809856.1871443,18.9,77.8,1
1769809857.2318122,23.5,78.0,1
1769809858.4808407,18.2,78.1,1
1769809859.8837008,18.0,78.2,1
1769809861.0539324,20.6,78.3,1
1769809862.77047,18.8,78.4,1
1769809864.0958695,16.3,76.8,1
1769809865.6081345,15.9,76.8,1
1769809866.7003675,18.3,76.9,1
1769809867.8556638,20.1,77.0,1
1769809868.9823084,21.4,77.0,1
1769809870.263107,18.7,77.0,1
1769809871.482185,23.1,77.0,1
1769809872.5581844,26.4,77.1,1
1769809873.6336193,19.4,76.9,1
1769809874.7260346,20.5,77.0,1
1769809876.056225,19.6,77.1,1
1769809877.271511,19.6,77.0,1
1769809878.505675,17.1,77.2,1
1769809879.7692094,18.9,77.3,1
1769809880.8567624,18.4,77.3,1
1769809882.0413299,18.9,77.4,1
1769809883.1606076,18.4,77.5,1
1769809884.1907306,16.8,77.6,1
1769809885.365828,17.5,77.6,1
1769809886.8199148,20.4,77.7,1
1769809888.0170362,18.2,77.8,1
1769809889.2532375,15.7,77.9,1
1769809890.373664,18.5,77.9,1
1769809892.1846817,18.9,78.1,1
1769809893.293585,20.9,78.4,1
1769809894.3538754,17.2,78.4,1
1769809895.4557922,16.1,78.4,1
1769809896.7609005,18.2,78.5,1
1769809898.3346314,17.9,78.6,1
1769809899.4522798,17.6,78.7,1
1769809900.7323048,20.2,78.8,1
1769809902.1163752,16.5,78.9,1
1769809903.382158,16.7,78.9,1
1769809904.6303666,17.7,78.9,1
1769809905.932277,16.8,79.0,1
1769809907.2412293,17.0,76.9,1
1769809908.4240806,18.7,77.2,1
1769809909.969949,18.3,77.6,1
1769809911.23237,18.3,77.8,1
1769809912.6164951,16.3,77.9,1
1769809913.8071208,18.8,78.0,1
1769809914.8698504,20.8,78.1,1
1769809916.1431167,24.1,78.2,1
1769809917.1998239,17.7,78.4,1
1769809918.2775533,18.7,78.4,1
1769809919.4933007,21.7,78.4,1
1769809920.6601195,18.3,78.5,1
1769809921.8586028,20.2,78.6,1
1769809922.928171,19.9,78.9,1
1769809924.1581993,22.2,79.4,1
1769809925.2473106,20.3,79.3,1
1769809926.3061411,21.7,78.9,1
1769809927.3840644,19.4,78.9,1
1769809928.4289148,18.8,78.9,1
1769809929.8138995,23.3,79.0,1
1769809931.1400092,21.2,79.1,1
1769809932.2150679,18.3,79.0,1
1769809933.306741,14.2,78.9,1
1769809934.3322892,13.6,78.8,1
1769809935.5338686,13.8,78.8,1
1769809936.720361,13.0,78.7,1
1769809937.8469143,12.1,78.8,1
1769809938.8942752,13.6,78.8,1
1769809940.1334112,14.5,78.8,1
1769809941.2608206,15.5,77.8,1
1769809942.3681846,13.0,77.8,1
1769809943.8289306,17.3,77.9,1
1769809945.2734666,15.0,78.3,1
1769809946.277667,6.8,78.6,1
1769809947.282917,6.3,79.0,1
1769809948.2872756,12.5,79.3,1
1769809949.2956128,14.7,79.7,1
1769809950.2963321,13.5,79.8,1
1769809951.3129444,8.5,80.5,1
1769809952.3204637,7.5,80.9,1
1769809953.3282425,9.1,81.0,1
1769809954.3356674,6.2,81.4,1
1769809955.3363135,9.9,81.4,1
1769809956.354106,7.7,82.0,1
1769809957.3630588,5.6,82.3,1
1769809958.3718615,7.0,82.6,1
1769809959.372914,14.7,82.5,1
1769809960.3829596,10.2,82.5,1
1769809961.389914,4.7,82.7,1
1769809962.4009874,3.1,82.9,1
1769809963.4098074,4.9,83.2,1
1769809964.4105284,7.1,83.4,1
1769809965.4111383,7.4,83.1,1
1769809966.411776,5.7,83.5,1
1769809967.4123156,5.7,83.9,1
1769809968.413191,9.4,84.1,1
1769809969.4144373,5.5,84.3,1
1769809970.4151344,4.8,84.5,1
1769809971.4161272,6.9,84.9,1
1769809972.4167576,4.9,85.3,1
1769809973.4176872,5.1,85.6,1
1769809974.4187868,7.1,86.3,1
1769809975.4192924,12.7,85.3,1
1769809976.4202518,7.0,85.6,1
1769809977.421257,5.2,86.0,1
1769809978.4222708,3.6,86.4,1
1769809979.4235237,5.7,86.7,1
1769809980.4244359,9.0,87.2,1
1769809981.4251177,11.7,87.6,1
1769809982.4262948,7.0,85.9,1
1769809983.427253,5.6,85.7,1
1769809984.4282675,8.5,85.9,1
1769809985.429066,4.6,86.3,1
1769809986.4299588,4.4,86.6,1
1769809987.4307451,5.7,87.0,1
1769809988.4315283,6.0,87.4,1
1769809989.4322908,6.3,87.9,1
1769809990.432926,5.7,88.2,1
1769809991.433576,4.8,88.5,1
1769809992.4346814,3.9,88.9,1
1769809993.4356794,4.3,89.3,1
1769809994.4364412,9.1,89.6,1
1769809995.4371784,7.2,90.0,1
1769809996.4379315,5.4,90.3,1
1769809997.4388995,6.4,90.6,1
1769809999.505096,13.1,91.1,1
1769810000.5060434,7.0,91.5,1
1769810001.5067277,6.5,91.9,1
1769810002.5078254,8.6,92.6,1
1769810003.5087008,13.5,93.0,1
1769810004.5095599,8.9,93.3,1
1769810005.5105717,3.4,93.8,1
1769810006.5114713,17.7,89.5,1
1769810007.512287,6.8,88.9,1
1769810008.5128481,9.4,87.4,1
1769810009.5138636,11.2,88.0,1
1769810010.5145864,13.7,88.4,1
1769810011.5152926,14.1,88.8,1
1769810012.516193,12.5,89.2,1
1769810013.5169766,11.8,89.6,1
1769810014.5179849,20.4,91.5,1
1769810015.518484,11.0,91.7,1
1769810016.5190167,4.0,92.2,1
1769810017.5199304,6.5,92.6,1
1769810018.5205042,8.6,93.1,1
1769810019.521369,5.8,93.4,1
1769810020.5222619,21.1,91.2,1
1769810021.5231273,14.7,91.7,1
1769810022.5237598,7.5,92.2,1
1769810023.5245998,5.7,92.6,1
1769810024.5256538,4.7,93.0,1
1769810025.5264983,4.3,93.3,1
1769810026.5270972,11.5,93.8,1
1769810027.5282836,11.9,92.2,1
1769810028.529619,5.2,92.7,1
1769810029.5310643,6.8,93.1,1
1769810030.5320127,12.1,93.5,1
1769810031.5327814,10.0,91.7,1
1769810032.5334873,8.7,92.3,1
1769810033.5341556,7.5,92.9,1
1769810034.5348423,9.1,93.2,1
1769810035.5357466,9.1,93.6,1
1769810036.536823,6.2,93.9,1
1769810037.537843,9.4,93.7,1
1769810038.5388403,14.1,93.5,1
1769810039.5399225,6.5,93.9,1
1769810040.5405798,11.7,94.3,1
1769810041.5414019,13.8,93.7,1
1769810042.5426612,9.2,94.2,1
1769810043.5434968,7.0,94.6,1
1769810044.5442235,13.1,95.2,1
1769810045.5448256,21.0,93.7,1
1769810046.545887,14.0,94.7,1
1769810047.5467923,18.9,93.6,1
1769810048.5475507,13.3,93.9,1
1769810049.5480974,14.0,94.4,1
1769810050.548685,15.1,93.8,1
1769810051.549657,14.4,92.8,1
1769810052.553284,12.5,92.8,1
1769810053.553979,10.9,93.1,1
1769810054.554692,16.5,93.8,1
1769810055.5556343,11.8,93.8,1
1769810056.556614,11.6,94.2,1
1769810057.5572789,13.7,93.9,1
1769810058.5581446,13.0,94.3,1
1769810059.5591493,12.3,94.2,1
1769810060.5599604,16.4,94.8,1
1769810061.5606687,12.7,94.5,1
1769810062.561552,12.9,94.9,1
1769810063.5624633,11.6,95.4,1
1769810064.5636377,8.4,95.0,1
1769810065.5653067,5.6,95.7,1
1769810066.5659177,14.3,95.8,1
1769810067.5663843,14.9,95.3,1
1769810068.567353,7.1,95.7,1
1769810069.568215,6.3,95.3,1
1769810070.5696669,6.1,95.7,1
1769810071.5705667,11.2,95.7,1
1769810072.5715609,7.6,95.7,1
1769810073.5726779,6.9,95.9,1
1769810074.5734177,10.1,95.6,1
1769810075.5745497,10.8,96.1,1
1769810076.5755694,4.3,95.4,1
1769810077.5764234,5.4,95.7,1
1769810078.577205,5.2,96.1,1
1769810079.5776877,6.8,95.5,1
1769810080.5785,8.9,96.1,1
1769810081.5795066,8.4,96.1,1
1769810082.5806181,9.2,95.7,1
1769810083.581302,6.1,96.0,1
1769810084.5822392,5.7,96.2,1
1769810085.5827525,10.2,96.1,1
1769810086.5834143,7.1,96.1,1
1769810087.5844934,6.1,96.0,1
1769810088.5852926,5.8,96.0,1
1769810089.5862317,9.7,95.6,1
1769810090.586897,6.1,96.1,1
1769810091.5879242,5.5,95.2,1
1769810092.5887654,5.2,95.7,1
1769810093.5901318,10.2,95.7,1
1769810094.5908082,8.8,95.9,1
1769810095.5914698,7.0,95.7,1
1769810096.5924132,4.3,96.0,1
1769810097.5931897,4.7,95.9,1
1769810098.594195,4.6,96.0,1
1769810099.5952418,8.5,94.7,1
1769810100.5959678,7.0,95.2,1
1769810101.5968702,7.1,95.9,1
1769810102.5978396,6.3,95.8,1
1769810103.5988367,5.5,94.9,1
1769810104.5996072,12.0,95.5,1
1769810105.6003816,10.5,95.2,1
1769810106.6014667,9.8,95.3,1
1769810107.6026866,6.2,95.4,1
1769810108.6034057,8.3,95.5,1
1769810109.6093738,4.1,95.5,1
1769810110.620274,4.5,95.5,1
1769810111.6246576,6.1,95.7,1
1769810112.6293426,4.7,96.0,1
1769810113.6362665,6.6,95.5,1
1769810114.6482015,5.8,95.8,1
1769810115.6553864,6.8,95.8,1
1769810118.114827,8.7,56.6,1
1769810119.1928105,16.7,56.9,1
1769810120.2355452,11.9,57.2,1
1769810121.2613065,14.8,57.4,1
1769810122.3072581,14.1,57.7,1
1769810123.363118,11.4,58.0,1
1769810124.4490814,13.4,58.3,1
1769810125.5259533,14.8,58.7,1
1769810126.5682054,11.4,59.0,1
1769810127.6348379,12.2,59.2,1
1769810128.7417955,11.2,59.4,1
1769810129.7850244,14.5,60.0,1
1769810130.8777359,11.5,60.3,1
1769810131.9417632,15.7,60.6,1
1769810132.997771,13.2,60.4,1
1769810134.0287786,13.3,60.9,1
1769810135.131687,12.3,60.8,1
1769810136.2083876,13.0,61.1,1
1769810137.2353747,12.2,61.4,1
1769810138.3132808,16.4,61.7,1
1769810139.349036,10.6,62.1,1
1769810140.4047406,15.9,62.6,1
1769810141.5256002,19.1,63.2,1
1769810142.5681002,15.9,63.6,1
1769810143.5971427,15.9,64.0,1
1769810144.65847,18.8,64.5,1
1769810145.7207742,17.9,65.1,1
1769810146.7593129,21.1,65.6,1
1769810147.785006,18.7,66.0,1
1769810148.8009744,18.1,66.4,1
1769810149.920641,21.2,66.6,1
1769810150.9806228,19.8,66.9,1
1769810152.0410457,19.4,67.2,1
1769810153.0651472,18.2,67.5,1
1769810154.1248689,22.1,68.3,1
1769810155.2307749,22.9,68.7,1
1769810156.2929523,19.9,68.9,1
1769810157.328077,23.0,69.1,1
1769810158.3669598,20.1,69.4,1
1769810159.453489,19.8,69.6,1
1769810160.5408611,25.0,70.2,1
1769810161.5848837,15.6,71.6,1
1769810162.6314259,12.3,72.1,1
1769810163.6620116,11.3,72.4,1
1769810164.7034223,11.9,72.6,1
1769810165.7950017,15.0,72.8,1
1769810166.8400507,13.8,73.1,1
1769810167.911126,11.8,73.3,1
1769810169.0018926,12.1,73.6,1
1769810170.0449774,19.1,73.8,1
1769810171.0695314,14.2,74.1,1
1769810172.1472342,14.2,74.4,1
1769810173.220115,11.8,74.9,1
1769810174.3084643,14.1,75.1,1
1769810175.3667376,14.8,75.4,1
1769810176.4291112,11.2,75.6,1
1769810177.507165,13.9,75.9,1
1769810178.565992,11.8,76.1,1
1769810179.6551404,14.1,76.4,1
1769810180.715005,14.3,76.7,1
1769810181.742753,12.2,77.0,1
1769810182.8043795,15.2,77.2,1
1769810183.8681219,12.7,77.5,1
1769810184.9335744,10.6,77.8,1
1769810185.9561577,13.8,78.3,1
1769810186.9923105,18.1,78.8,1
1769810188.064637,16.6,80.3,1
1769810189.1563423,16.6,80.6,1
1769810190.24767,16.2,80.8,1
1769810191.3071265,12.7,81.1,1
1769810192.3849046,12.9,81.3,1
1769810193.4434886,14.0,81.6,1
1769810194.5525525,24.6,83.1,1
1769810195.6182687,21.1,83.0,1
1769810196.7085578,17.8,83.3,1
1769810197.788986,18.1,83.7,1
1769810198.8219306,18.0,83.9,1
1769810199.867039,17.8,84.2,1
1769810200.9240596,17.4,84.4,1
1769810202.0035987,21.5,84.8,1
1769810203.0334208,18.3,85.4,1
1769810204.0646887,19.3,85.6,1
1769810205.109218,21.1,85.8,1
1769810206.1708918,26.3,86.1,1
1769810207.2333264,33.7,86.3,1
1769810208.2758784,23.3,86.7,1
1769810209.3334181,22.0,87.1,1
1769810210.3560975,17.8,85.6,1
1769810211.4449866,13.8,84.3,1
1769810212.5046482,12.0,84.7,1
1769810213.54746,19.3,85.6,1
1769810214.6042914,13.7,85.9,1
1769810215.6830208,14.6,86.2,1
1769810216.7018707,13.0,86.4,1
1769810217.731478,14.6,86.2,1
1769810218.7839987,14.6,86.4,1
1769810219.824667,24.4,86.9,1
1769810220.883546,17.7,87.2,1
1769810221.9610672,32.3,89.1,1
1769810223.028898,19.8,89.2,1
1769810224.0732903,18.5,89.4,1
1769810225.1647751,18.8,89.1,1
1769810226.2417245,17.5,89.4,1
1769810227.3459017,22.4,88.5,1
1769810228.363251,18.4,88.9,1
1769810229.4205706,19.9,89.2,1
1769810230.5561688,19.7,89.6,1
1769810231.6327558,23.1,90.0,1
1769810232.6903996,18.9,90.2,1
1769810233.7191508,18.8,90.5,1
1769810234.8259103,20.4,90.7,1
1769810235.8519826,19.3,91.1,1
1769810236.9071598,13.7,91.4,1
1769810237.997656,19.6,90.4,1
1769810239.059568,20.1,91.3,1
1769810240.1183176,19.0,91.6,1
1769810241.2076812,17.8,92.0,1
1769810242.2364345,17.8,94.4,1
1769810243.2799914,22.5,96.0,1
1769810244.3366988,22.0,93.8,1
1769810245.3778672,16.9,93.7,1
1769810246.4233236,13.6,93.5,1
1769810247.4683926,17.6,92.5,1
1769810248.5007753,14.5,92.8,1
1769810249.5602055,16.0,93.2,1
1769810250.6181548,14.8,92.4,1
1769810251.695577,12.8,92.7,1
1769810252.7567317,12.8,92.9,1
1769810253.8488724,14.7,93.1,1
1769810254.9392078,12.4,93.6,1
1769810256.0207975,14.0,94.0,1
1769810257.1094813,15.8,93.3,1
1769810258.199847,15.0,93.6,1
1769810259.2181234,14.6,93.8,1
1769810260.2971573,17.3,94.2,1
1769810261.356341,12.5,93.6,1
1769810262.4024184,12.5,94.0,1
1769810263.4213583,15.3,94.3,1
1769810264.4488785,13.2,94.5,1
1769810265.4951487,15.3,94.7,1
1769810266.5366566,17.2,91.1,1
1769810267.5696924,11.9,88.3,1
1769810268.6309152,12.3,88.8,1
1769810269.690381,11.1,89.2,1
1769810270.7349503,13.9,89.9,1
1769810271.79587,14.4,90.3,1
1769810272.8853047,13.1,90.5,1
1769810273.943174,11.9,90.9,1
1769810274.9904938,10.6,91.2,1
1769810276.0519392,13.0,91.6,1
1769810277.1128259,16.0,91.9,1
1769810278.1547894,14.6,92.2,1
1769810279.2300768,12.7,92.5,1
1769810280.2942245,13.7,92.8,1
1769810281.3869615,13.0,93.2,1
1769810282.4817858,20.0,91.7,1
1769810283.6377664,14.4,91.8,1
1769810284.699349,17.6,93.2,1
1769810285.7427077,11.6,92.5,1
1769810286.818382,11.7,92.9,1
1769810287.9278536,15.6,93.2,1
1769810288.9717658,12.6,93.3,1
1769810290.0646417,11.6,93.5,1
1769810291.112259,10.6,93.3,1
1769810292.1425934,17.0,93.7,1
1769810293.158489,12.1,94.0,1
1769810294.202352,12.3,94.1,1
1769810295.2607293,13.2,94.4,1
1769810296.3057141,13.9,94.5,1
1769810297.3721497,17.7,94.2,1
