"timestamp","cpu","ram","sockets","net_speed","threads","label"
"1767023393.0526278","8.4","87.3","1999","0","4100","0"
"1767023395.0646055","5.0","87.2","2000","112152","4105","0"
"1767023397.0826607","5.6","87.2","2000","18179","4098","0"
"1767023399.0477972","4.8","87.2","2000","5143","4099","0"
"1767023401.0644853","4.5","87.2","1999","6484","4099","0"
"1767023403.0400572","4.8","87.2","1999","171364","4093","0"
"1767023405.019021","4.4","87.1","1997","3829","4093","0"
"1767023407.073361","5.3","86.8","2002","6071","4062","0"
"1767023409.0538166","4.7","86.7","1998","174352","4083","0"
"1767023411.010786","5.0","86.1","1998","31110","4054","0"
"1767023412.9591444","4.2","85.9","1998","4726","4052","0"
"1767023414.907139","4.5","86.0","1998","15841","4052","0"
"1767023416.8832054","8.0","86.0","1998","5512","4087","0"
"1767023418.835619","4.7","86.1","1999","169949","4074","0"
"1767023420.7841337","4.8","86.2","1999","3917","4071","0"
"1767023422.7535815","4.2","86.1","1999","29188","4066","0"
"1767023424.7128708","5.6","86.0","1998","5957","4065","0"
"1767023426.6859915","4.2","86.1","1999","7018","4064","0"
"1767023428.7757275","6.8","86.9","1997","168149","4181","0"
"1767023430.7580948","5.0","85.8","1997","5574","4133","0"
"1767023432.7912803","4.9","85.8","1996","24493","4112","0"
"1767023434.8432972","4.6","85.9","1998","301370","4114","0"
"1767023436.8288646","4.8","85.8","1998","369951","4109","0"
"1767023438.9990842","5.8","86.7","2002","3997","4106","0"
"1767023441.0493026","6.0","87.2","2007","147922","4159","0"
"1767023443.107643","10.0","87.2","2007","19877","4119","0"
"1767023445.1060848","8.2","87.3","2006","41716","4116","0"
"1767023447.1835146","5.3","87.3","2006","128727","4127","0"
"1767023449.2003217","4.8","87.2","2006","64528","4129","0"
"1767023451.184006","5.0","87.3","2006","33945","4124","0"
"1767023453.1733398","4.5","87.3","2006","40462","4120","0"
"1767023455.1465995","5.3","87.4","2006","26308","4118","0"
"1767023457.199353","6.2","87.5","2009","59181","4128","0"
"1767023459.22911","5.8","87.5","2009","166307","4130","0"
"1767023461.1961832","5.2","87.3","2009","24723","4129","0"
"1767023463.1493003","5.3","87.4","2009","9990","4129","0"
"1767023465.1109333","4.6","87.2","2010","12546","4129","0"
"1767023467.0767117","4.8","87.3","2011","5054","4127","0"
"1767023469.1280036","6.7","87.7","2003","5046","4125","0"
"1767023471.1034098","5.7","87.0","2003","4847","4113","0"
"1767023473.074757","5.3","87.0","2001","19107","4112","0"
"1767023475.1006513","5.3","87.1","2001","22582","4109","0"
"1767023477.0599976","4.3","87.1","2001","62197","4101","0"
"1767023479.0179524","4.1","87.0","2001","23403","4099","0"
"1767023480.976989","4.1","86.9","2001","5986","4094","0"
"1767023483.0662973","4.9","87.0","2001","67661","4095","0"
"1767023485.0155191","4.1","87.0","2000","50534","4065","0"
"1767023487.1610925","4.9","87.0","2000","14234","4060","0"
"1767023489.1414819","4.4","86.4","1999","112168","4046","0"
"1767023491.1201513","4.7","86.4","1999","23217","4027","0"
"1767023493.0886762","4.6","86.3","1997","18187","4028","0"
"1767023495.0453568","4.7","86.3","1999","20816","4028","0"
"1767023497.0066655","4.7","86.3","1999","20658","4030","0"
"1767023499.0417476","5.6","87.1","2002","13356","4031","0"
"1767023501.026429","7.1","87.1","2001","30172","4055","0"
"1767023503.000195","4.5","86.8","2001","18707","4053","0"
"1767023505.0476239","5.2","87.0","2002","29662","4047","0"
"1767023507.0492938","5.9","87.7","2003","216019","4042","0"
"1767023509.11614","5.9","88.9","2026","134729","4085","0"
"1767023511.1684399","4.4","88.8","2027","287159","4100","0"
"1767023513.9600008","10.1","91.5","2084","250666","4075","0"
"1767023516.3846076","9.3","93.3","2115","534778","4171","0"
"1767023518.6814039","7.2","93.3","2111","625264","4185","0"
"1767023520.7903676","6.4","93.3","2113","743668","4186","0"
"1767023522.95477","6.4","93.2","2112","74111","4179","0"
"1767023525.1016068","6.4","93.0","2112","214579","4175","0"
"1767023527.1708636","5.1","93.2","2118","123475","4174","0"
"1767023529.2948117","5.8","92.9","2114","29928","4170","0"
"1767023531.382001","5.5","92.4","2112","65000","4149","0"
"1767023533.488583","5.3","92.4","2114","37146","4150","0"
"1767023535.852348","9.6","93.5","2118","189547","4144","0"
"1767023538.2804148","6.2","93.7","2099","944873","4143","0"
"1767023540.3299346","4.1","93.7","2094","1005764","4138","0"
"1767023542.4263248","4.7","93.7","2059","42169","4135","0"
"1767023544.5226843","5.3","93.2","2037","47672","4135","0"
"1767023546.5600443","4.3","92.9","2034","56444","4117","0"
"1767023548.9150567","7.8","92.8","2036","23263","4120","0"
"1767023550.9897983","4.6","92.9","2042","551528","4100","0"
"1767023553.1003256","6.6","93.7","2040","897532","4075","0"
"1767023556.0010748","11.6","94.9","2044","555188","4084","0"
"1767023558.264131","5.9","94.9","2044","1635180","4071","0"
"1767023560.945875","10.1","96.6","2052","984474","4149","0"
"1767023564.0378203","13.8","96.6","2052","1612319","4150","0"
"1767023566.4336612","5.5","96.1","2045","1764098","4146","0"
"1767023569.0824227","9.2","95.7","2045","1240890","4147","0"
"1767023571.8449633","7.3","95.1","2048","931690","4142","0"
"1767023574.4088113","6.4","94.8","2052","1557632","4132","0"
"1767023576.5266151","5.2","94.5","2054","786785","4124","0"
"1767023578.6085377","4.2","94.4","2049","107927","4126","0"
"1767023580.821476","5.7","93.5","2047","36945","4124","0"
"1767023582.9336524","7.2","93.8","2053","303295","4126","0"
"1767023585.3437285","5.9","94.7","2066","999269","4159","0"
"1767023588.2753623","10.9","94.4","2062","1142929","4139","0"
"1767023590.8728673","7.3","94.0","2058","1996866","4108","0"
"1767023593.788896","11.1","94.8","2072","1315774","4109","0"
"1767023596.9266272","15.6","93.7","2074","1397575","4127","0"
"1767023599.130849","8.0","93.5","2068","1265771","4122","0"
"1767023601.322826","6.0","93.5","2068","125373","4120","0"
"1767023603.3284926","4.7","93.1","2066","147668","4119","0"
"1767023605.7120018","8.9","93.9","2078","52519","4142","0"
"1767023607.8358734","6.2","94.0","2079","421164","4146","0"
"1767023609.9416049","5.7","93.3","2078","152745","4122","0"
"1767023611.9729576","4.6","93.3","2072","21123","4114","0"
"1767023614.0128245","4.2","93.1","2071","26286","4114","0"
"1767023616.0177803","4.2","93.1","2065","19852","4128","0"
"1767023618.1035302","6.4","91.9","2061","6180","4132","0"
"1767023620.1746309","5.2","93.0","2061","22802","4195","0"
"1767023622.4282067","5.4","93.8","2060","39056","4228","0"
"1767023624.5090332","6.4","94.4","2054","417296","4228","0"
"1767023627.5241492","8.7","94.7","2058","155729","4231","0"
"1767023630.4865155","9.3","95.5","2060","2100451","4232","0"
"1767023633.2189918","10.2","94.8","2066","820060","4220","0"
"1767023635.6818178","7.9","94.6","2067","1873419","4217","0"
"1767023638.5253012","13.7","95.1","2075","1551100","4225","0"
"1767023641.3030727","13.1","94.5","2073","1470535","4254","0"
"1767023644.0717316","11.9","93.8","2073","1258333","4250","0"
"1767023646.693001","14.6","93.7","2078","1427998","4255","0"
"1767023649.5078971","17.9","93.1","2064","1644286","4255","0"
"1767023652.308864","16.8","93.5","2067","1839677","4305","0"
"1767023655.211888","17.1","93.4","2063","1785851","4289","0"
"1767023657.9146516","12.3","93.2","2060","1865527","4275","0"
"1767023660.5111825","13.8","93.2","2048","1543089","4268","0"
"1767023663.2456906","15.4","93.3","2046","1480372","4265","0"
"1767023666.1113384","12.5","93.5","2043","1616240","4264","0"
"1767023669.7996101","24.3","92.7","2038","1860334","4240","0"
"1767023672.3832629","11.9","92.5","2036","2230597","4236","0"
"1767023675.0475156","13.0","92.3","2025","1591781","4240","0"
"1767023677.791023","13.4","92.3","2026","1623980","4246","0"
"1767023680.6863594","16.2","92.3","2028","1609808","4271","0"
"1767023683.3559365","13.8","91.9","2033","1916503","4239","0"
"1767023686.0059328","16.9","91.8","2031","1539840","4230","0"
"1767023688.4081619","12.8","91.9","2028","1772417","4201","0"
"1767023690.9633858","12.4","91.9","2028","1393324","4190","0"
"1767023693.4040453","12.8","91.9","2027","1561049","4185","0"
"1767023695.6921985","10.6","91.8","2020","1394998","4185","0"
"1767023698.5032687","14.3","91.9","2020","1031225","4183","0"
"1767023701.6190922","15.1","92.1","2017","1788591","4182","0"
"1767023704.0757482","14.2","92.2","2016","1721324","4181","0"
"1767023707.9765522","27.1","94.0","2013","1157541","4168","0"
"1767023710.498931","11.2","93.7","2009","2149286","4141","0"
"1767023713.0095992","12.9","92.2","2009","1388118","4125","0"
"1767023715.4950244","15.9","89.4","2007","1561310","4135","0"
"1767023717.991323","11.4","89.5","2006","1374540","4135","0"
"1767023720.350736","9.7","89.5","2005","1314953","4127","0"
"1767023722.6616755","9.8","89.4","2004","1476093","4132","0"
"1767023725.2412415","12.8","89.3","2003","1055869","4133","0"
"1767023727.8465068","12.6","89.4","2002","1597611","4134","0"
"1767023730.3613307","12.1","88.7","2002","1321460","4111","0"
"1767023732.962681","15.1","88.7","1996","1490995","4114","0"
"1767023735.5941634","10.4","88.2","2006","1531233","4092","0"
"1767023738.0152082","9.6","88.4","2005","1352120","4089","0"
"1767023740.5481553","13.1","90.0","2008","1458816","4145","0"
"1767023742.8190844","10.3","90.1","2008","1521793","4147","0"
"1767023745.396805","12.2","90.0","2008","893483","4146","0"
"1767023748.8066502","18.8","90.2","2008","1518950","4137","0"
"1767023751.3723373","15.4","90.1","2010","1828895","4130","0"
"1767023753.7886608","7.3","90.1","2012","1479798","4109","0"
"1767023755.9864318","6.7","90.1","2011","795779","4101","0"
"1767023758.209142","5.5","90.1","2010","437835","4099","0"
"1767023760.492775","5.8","90.1","2010","557364","4103","0"
"1767023762.6528563","6.3","90.4","2009","654548","4113","0"
"1767023764.6883664","4.6","90.4","2003","110029","4111","0"
"1767023766.8330708","5.6","90.5","2003","53254","4113","0"
"1767023769.0966523","6.4","87.2","1999","170941","4114","0"
"1767023771.0859725","4.6","86.2","1998","295301","4090","0"
"1767023773.345696","6.8","86.9","1998","45568","4091","0"
"1767023775.4888494","5.5","87.0","1998","795964","4080","0"
"1767023777.7122405","5.9","86.9","1998","298895","4078","0"
"1767023779.881413","5.6","86.6","1998","1084508","4077","0"
"1767023782.0884724","5.7","86.5","1996","547520","4071","0"
"1767023784.7712846","8.5","87.2","1998","904027","4074","0"
"1767023787.748926","8.7","87.8","1997","1158141","4076","0"
"1767023790.798363","9.1","85.8","1996","1475768","4054","0"
"1767023793.6138487","7.7","86.3","1993","1943756","4054","0"
"1767023796.2472777","7.0","87.4","2004","1372069","4072","0"
"1767023799.3835413","9.6","88.3","2010","1353149","4116","0"
"1767023801.9843364","6.5","88.4","2008","2082668","4156","0"
"1767023804.468932","9.2","89.4","2020","1670426","4153","0"
"1767023806.723877","4.6","89.4","2020","1544172","4148","0"
"1767023809.0708103","6.5","89.1","2020","850342","4144","0"
"1767023811.210495","5.7","88.9","2018","307522","4141","0"
"1767023813.2749162","4.6","87.9","2018","100377","4136","0"
"1767023815.2880201","5.5","87.4","2018","109134","4141","0"
"1767023817.67233","6.4","87.1","2018","127903","4141","0"
"1767023820.3296514","9.6","88.3","2020","1111164","4139","0"
"1767023822.6163158","6.1","88.3","2020","1738399","4141","0"
"1767023824.8450296","5.1","88.3","2016","891087","4138","0"
"1767023827.184414","5.9","88.3","2016","658200","4137","0"
"1767023829.7822912","9.1","88.5","2011","1198918","4130","0"
"1767023832.159831","5.8","88.2","2001","854464","4148","0"
"1767023834.525423","5.4","88.0","1996","838431","4147","0"
"1767023837.0370798","5.7","88.1","1995","949299","4144","0"
"1767023839.553711","7.3","88.2","1997","954118","4138","0"
"1767023841.7691917","5.6","88.2","1995","1078301","4136","0"
"1767023844.0701876","5.5","88.2","1995","1096445","4136","0"
"1767023846.5050404","5.9","88.0","1994","770239","4137","0"
"1767023849.0008805","6.9","87.2","1992","881943","4134","0"
"1767023851.5243857","6.1","87.3","1990","971852","4105","0"
"1767023854.3328772","12.7","87.2","1989","1298618","4104","0"
"1767023857.6137605","10.5","88.6","1993","1761834","4187","0"
"1767023860.7730837","12.4","89.5","1997","1937501","4244","0"
"1767023863.7367215","8.6","90.0","2000","1444886","4294","0"
"1767023866.3647907","8.4","90.1","2001","1149905","4278","0"
"1767023869.1347609","8.2","90.2","2001","1535708","4274","0"
"1767023871.75369","6.8","90.2","2001","1261509","4274","0"
"1767023874.7018507","8.6","90.6","2012","1053301","4273","0"
"1767023877.4906065","11.3","91.2","2019","1107657","4274","0"
"1767023879.7704003","5.6","91.0","2015","771351","4273","0"
"1767023882.3126965","6.5","90.9","2015","1056994","4262","0"
"1767023885.1356974","8.6","90.9","2013","1094625","4270","0"
"1767023888.331628","13.2","90.8","2022","1655129","4264","0"
"1767023891.8097217","7.9","90.1","2018","1135417","4235","0"
"1767023894.7399216","8.0","90.2","2017","1560070","4208","0"
"1767023897.5689926","7.2","90.5","2019","1817001","4204","0"
"1767023900.2973752","6.7","90.7","2017","1802470","4201","0"
"1767023902.9078598","6.0","91.2","2015","1741988","4203","0"
"1767023905.8352005","6.9","91.8","2006","1354193","4198","0"
"1767023909.1601338","8.5","91.5","2006","1638584","4189","0"
"1767023912.5408316","9.7","92.1","2006","1614217","4165","0"
"1767023915.7757528","9.6","92.3","2005","1924918","4159","0"
"1767023918.6199799","7.3","92.4","2003","1861692","4127","0"
"1767023920.8940961","13.6","93.3","2013","1804689","4204","0"
"1767023923.075758","5.5","93.9","2015","493332","4244","0"
"1767023925.1215584","4.6","93.9","2015","107264","4238","0"
"1767023927.3153915","7.0","93.9","2015","217895","4225","0"
"1767023929.6136487","5.7","93.2","2017","57588","4217","0"
"1767023932.5457623","13.6","94.1","2024","618592","4252","0"
"1767023935.3713386","8.9","94.7","2026","1307688","4285","0"
"1767023938.0663483","7.5","93.9","2026","612443","4285","0"
"1767023941.2842355","13.7","92.8","2026","1579094","4279","0"
"1767023944.4456096","20.7","91.1","2028","1950469","4270","0"
"1767023947.1880813","7.8","91.2","2030","939612","4271","0"
"1767023949.9212413","12.2","90.3","2020","1382549","4258","0"
"1767023952.7028673","6.6","90.5","2019","962088","4247","0"
"1767023955.5287018","11.2","90.9","2019","888685","4232","0"
"1767023958.3907187","8.4","90.7","2021","888755","4213","0"
"1767023960.9981358","8.5","90.6","2016","1167935","4212","0"
"1767023963.3426404","5.2","90.5","2008","1160555","4199","0"
"1767023966.0592496","8.9","90.2","2004","761784","4198","0"
"1767023968.7402792","18.4","90.0","2003","1575131","4195","0"
"1767023971.668797","13.0","88.0","2003","1572148","4174","0"
"1767023975.0753741","20.3","88.2","1999","1625492","4164","0"
"1767023977.700746","10.0","88.4","2003","1854730","4147","0"
"1767023980.4018347","12.9","89.6","2007","670487","4203","0"
"1767023983.1659658","17.1","89.2","2006","1577999","4183","0"
"1767023986.1871955","16.8","89.2","2005","1419621","4173","0"
"1767023989.1254911","11.1","89.1","2003","1882022","4164","0"
"1767023991.9527357","14.5","88.6","2001","1380486","4161","0"
"1767023994.1182046","5.4","88.7","2001","841560","4160","0"
"1767023996.2890472","5.0","88.9","2004","158227","4160","0"
"1767023998.3383975","4.7","88.9","2006","415057","4164","0"
"1767024000.4241161","4.8","88.9","2005","244149","4166","0"
"1767024002.4176152","4.5","88.9","2005","259860","4166","0"
"1767024004.8161561","5.5","89.4","2002","328181","4166","0"
"1767024008.550936","17.0","89.2","1995","1165823","4125","0"
"1767024012.0355215","12.9","89.3","1993","2417901","4125","0"
"1767024015.4209435","9.3","89.5","1994","2161862","4124","0"
"1767024018.1221406","11.3","89.9","1996","1622142","4124","0"
"1767024021.2732778","10.3","90.0","1994","1554152","4123","0"
"1767024023.3914096","4.7","89.9","1993","1384265","4097","0"
"1767024025.4225934","4.5","89.8","1993","369773","4090","0"
"1767024027.462825","4.3","89.8","1992","37677","4090","0"
"1767024029.4812436","4.6","89.1","1992","38044","4089","0"
"1767024031.5349884","4.6","88.8","1992","36158","4064","0"
"1767024033.5918188","6.6","87.6","1992","15125","4065","0"
"1767024035.602931","4.5","87.6","1992","55","4074","0"
"1767024037.6613567","4.6","87.5","1992","2862","4068","0"
"1767024039.7965107","5.7","88.2","1996","1457","4089","0"
"1767024041.8410947","5.2","88.0","1996","15598","4088","0"
"1767024043.8608122","4.5","88.0","1996","338","4088","0"
"1767024045.8433883","4.5","88.0","1996","4841","4083","0"
"1767024047.864386","4.5","88.0","1993","246","4082","0"
"1767024049.9354641","4.5","88.0","1993","97","4075","0"
"1767024051.9672253","4.4","88.0","1992","161","4078","0"
"1767024054.017715","4.4","87.8","1992","399","4077","0"
"1767024056.0277944","4.5","87.7","1992","582","4076","0"
"1767024058.027671","5.3","88.1","1992","39921","4086","0"
"1767024060.0114377","4.5","88.1","1992","52030","4087","0"
"1767024062.6795328","6.9","88.4","1992","249005","4099","0"
"1767024066.1069908","9.7","88.5","1992","1628976","4098","0"
"1767024068.9933271","14.7","87.9","1989","2049426","4099","0"
"1767024071.2812543","9.8","86.0","1989","1397619","4093","0"
"1767024073.4958746","6.9","86.5","1991","240996","4095","0"
"1767024075.5601525","4.9","86.5","1991","62710","4098","0"
"1767024077.5616543","4.6","86.5","1991","78993","4095","0"
"1767024079.5739408","4.3","86.5","1991","39881","4092","0"
"1767024081.6121","4.6","86.5","1991","36482","4092","0"
"1767024083.6385953","5.7","86.3","1991","32500","4090","0"
"1767024086.0361059","6.1","86.4","1991","141","4089","0"
"1767024088.4824443","6.4","86.5","1990","139313","4071","0"
"1767024091.1892667","10.6","85.8","1990","1269873","4045","0"
"1767024093.179974","5.2","85.5","1990","938294","4041","0"
"1767024095.1900654","4.7","85.6","1990","69049","4042","0"
"1767024097.201112","4.3","85.6","1991","39235","4044","0"
"1767024099.4144","7.5","87.3","1995","46320","4045","0"
"1767024101.4626193","5.0","87.3","1993","56762","4097","0"
"1767024103.7010345","5.0","86.8","1991","9091","4087","0"
"1767024107.5269468","21.9","86.5","1991","752575","4078","0"
"1767024110.5914493","14.1","86.5","1991","2040369","4070","0"
"1767024113.5028617","10.7","86.6","1991","1518286","4068","0"
"1767024116.909934","14.8","87.7","1993","1247363","4089","0"
"1767024120.950045","22.8","87.2","1992","1552929","4105","0"
"1767024123.597563","11.4","87.1","1992","2069161","4111","0"
"1767024126.5368116","9.8","87.0","1990","634719","4115","0"
"1767024128.836572","9.2","87.0","1998","1150669","4115","0"
"1767024131.1968117","6.1","86.5","1998","193585","4086","0"
"1767024133.9152718","11.3","86.5","1999","559767","4086","0"
"1767024137.2745252","17.0","86.7","1998","1544048","4081","0"
"1767024139.7353337","11.0","86.5","1998","2026440","4081","0"
"1767024142.8710353","13.1","86.6","1998","918690","4082","0"
"1767024145.840818","14.8","86.6","1996","1810285","4081","0"
"1767024148.6490464","11.0","86.2","1995","1441263","4076","0"
"1767024151.5237312","8.4","85.5","1993","1519534","4053","0"
"1767024154.0123057","8.0","85.5","1998","1451560","4053","0"
"1767024156.4427462","7.7","85.5","2000","864423","4056","0"
"1767024159.9933314","13.3","86.7","2010","977708","4059","0"
"1767024162.9878912","9.4","86.6","2010","2130348","4100","0"
"1767024166.5071313","16.2","86.6","2010","1819557","4097","0"
"1767024169.1289542","12.6","86.6","2010","2076113","4087","0"
"1767024171.4603972","5.5","86.5","2010","633684","4085","0"
"1767024174.6537135","15.3","86.5","2010","547299","4079","0"
"1767024177.3701992","11.4","86.5","2010","1896325","4076","0"
"1767024179.713902","6.4","86.7","2009","993703","4086","0"
"1767024182.603342","8.2","86.7","2009","173911","4104","0"
"1767024184.9811003","9.1","86.5","2009","1684931","4099","0"
"1767024188.0747821","11.6","86.5","2004","599273","4099","0"
"1767024191.5761743","21.0","86.6","2000","1926124","4101","0"
"1767024193.9556367","11.9","86.5","2001","2249063","4098","0"
"1767024196.6113336","11.6","86.2","2001","322561","4095","0"
"1767024199.5331717","15.0","86.3","2001","1365276","4094","0"
"1767024202.663312","13.8","86.3","2001","1710639","4092","0"
"1767024205.8431704","15.9","86.3","1999","2069826","4091","0"
"1767024209.1152854","13.6","86.3","2000","1772961","4085","0"
"1767024212.7082953","19.7","85.7","2000","2001470","4058","0"
"1767024216.414816","21.2","86.4","2001","1978618","4066","0"
"1767024220.0406275","22.3","87.4","2005","2333805","4208","0"
"1767024222.8644512","11.4","87.7","2004","2129943","4290","0"
"1767024225.416172","6.4","87.8","2002","1322085","4297","0"
"1767024227.850538","6.0","87.8","1999","1023738","4294","0"
"1767024231.2138252","19.2","87.9","2001","1329152","4290","0"
"1767024234.5606546","16.6","87.8","2003","2066840","4288","0"
"1767024237.3160818","12.5","87.9","2003","1954788","4289","0"
"1767024240.2857823","10.8","87.8","2003","1260519","4295","0"
"1767024242.7558873","6.3","87.8","2003","1034294","4289","0"
"1767024245.0170336","5.1","88.0","2006","607877","4308","0"
"1767024248.0575142","10.0","88.2","2012","191587","4321","0"
"1767024250.3016481","8.3","88.1","2008","827952","4322","0"
"1767024252.421225","5.0","87.8","2003","76988","4329","0"
"1767024254.5549355","4.9","87.7","2002","60870","4319","0"
"1767024256.741766","5.1","87.4","2002","146111","4317","0"
"1767024258.8941176","5.0","88.8","2004","262157","4324","0"
"1767024261.1484396","5.0","88.7","2004","194438","4335","0"
"1767024263.1856747","4.7","88.7","2003","127163","4335","0"
"1767024265.3367832","4.6","87.9","2003","73969","4326","0"
"1767024267.57373","5.0","88.0","2002","178785","4330","0"
"1767024269.5948308","4.5","87.6","2002","101153","4328","0"
"1767024271.6171296","4.2","87.2","2002","477","4307","0"
"1767024273.7103488","4.6","86.9","1999","27778","4309","0"
"1767024275.7487056","4.4","86.9","1991","68439","4310","0"
"1767024278.0074787","6.9","86.7","1991","12697","4284","0"
"1767024280.1834073","7.3","87.6","1996","14653","4321","0"
"1767024282.2517385","4.4","86.6","1996","12178","4306","0"
"1767024284.7972522","10.9","88.4","2009","32689","4311","0"
"1767024287.2660408","11.4","89.4","2007","980121","4313","0"
"1767024289.5464892","5.5","88.7","2007","1422910","4260","0"
"1767024291.7228873","4.4","88.5","2006","52806","4248","0"
"1767024293.8578808","5.0","88.5","2006","60459","4237","0"
"1767024296.212857","7.9","88.9","2009","274639","4236","0"
"1767024298.8461635","8.6","89.0","2011","1167652","4230","0"
"1767024301.0388787","5.5","89.0","2011","1599474","4229","0"
"1767024303.198064","5.9","89.0","2019","940533","4228","0"
"1767024305.311526","4.8","88.6","2016","68219","4223","0"
"1767024308.0773737","20.3","90.7","2034","183232","4217","0"
"1767024310.6832805","7.1","90.2","2034","1626353","4222","0"
"1767024313.5484316","11.1","88.6","2049","968788","4232","0"
"1767024316.6393762","9.9","87.4","2051","1129278","4223","0"
"1767024319.316124","7.1","87.2","2057","916678","4259","0"
"1767024321.8375406","7.5","87.3","2055","327057","4259","0"
"1767024324.4029977","6.3","87.2","2055","194302","4254","0"
"1767024327.1845872","8.3","88.8","2050","1260152","4260","0"
"1767024330.1570153","15.5","87.6","2050","1601288","4241","0"
"1767024332.6255617","8.3","87.3","2048","1433252","4241","0"
"1767024334.872429","5.8","87.2","2044","438430","4242","0"
"1767024337.2714903","9.4","86.2","2028","229563","4241","0"
"1767024339.8439023","7.0","87.6","2027","1012441","4226","0"
"1767024342.1750913","6.3","86.2","2017","1501618","4273","0"
"1767024344.2648072","4.4","86.3","2017","342827","4274","0"
"1767024346.590463","9.3","87.7","2013","37232","4270","0"
"1767024348.9818501","11.9","87.8","2007","117889","4264","0"
"1767024351.1161382","4.6","87.8","2007","42758","4250","0"
"1767024353.168565","4.5","87.8","2007","25480","4246","0"
"1767024355.2256775","4.6","87.7","2007","75","4247","0"
"1767024357.2919989","5.1","87.6","2005","1177","4224","0"
"1767024359.3716757","4.5","87.7","2005","1198","4220","0"
"1767024361.4447713","4.6","87.6","2005","551","4217","0"
"1767024363.4865916","4.5","87.6","2005","1790","4218","0"
"1767024365.5596118","4.7","87.4","2005","258","4218","0"
"1767024367.6391063","4.6","87.4","2003","286","4218","0"
"1767024369.817525","7.2","87.6","1997","2277","4220","0"
"1767024371.908068","5.2","86.8","1997","0","4227","0"
"1767024373.9824052","4.6","86.8","1998","222051","4227","0"
"1767024376.4337285","5.9","86.9","1999","57987","4219","0"
"1767024378.5419326","5.0","87.1","1999","1441391","4214","0"
"1767024380.6996515","5.3","87.2","1999","57257","4208","0"
"1767024382.7691746","5.5","87.0","1999","92971","4209","0"
"1767024384.8294587","4.5","87.0","1999","37322","4208","0"
"1767024386.8888571","4.5","87.0","1999","38504","4206","0"
"1767024388.901322","4.7","87.0","1998","23442","4199","0"
"1767024390.9374971","4.3","86.4","1998","128","4177","0"
"1767024392.9990702","5.7","86.1","1998","0","4171","0"
"1767024395.0826914","4.5","86.0","1998","273","4173","0"
"1767024397.151057","4.8","86.1","1999","261","4176","0"
"1767024399.2485878","5.3","86.7","1999","3130","4188","0"
"1767024401.310769","4.5","86.8","2001","21251","4214","0"
"1767024403.4014573","5.2","86.9","2001","2725","4215","0"
"1767024405.399919","4.3","86.9","2004","215452","4214","0"
"1767024407.9043646","9.0","87.1","2005","470710","4212","0"
"1767024410.9823978","9.0","87.0","2004","1498762","4201","0"
"1767024414.0568247","11.7","87.1","2005","1659749","4199","0"
"1767024416.8000998","8.0","87.1","2005","1322574","4197","0"
"1767024418.9146857","5.5","87.0","2005","487105","4198","0"
"1767024420.951687","4.6","87.0","2005","166881","4198","0"
"1767024422.9577134","4.5","87.0","2005","62141","4157","0"
"1767024424.9766529","4.4","87.0","2005","48261","4150","0"
"1767024427.0384061","4.8","87.1","2003","215701","4136","0"
"1767024429.3549712","8.7","87.0","2001","199453","4130","0"
"1767024431.3787172","4.6","87.0","1999","262302","4130","0"
"1767024433.405342","4.6","86.8","1996","266","4125","0"
"1767024435.5633168","11.6","87.2","1994","577815","4130","0"
"1767024438.110103","7.2","87.7","1992","728190","4141","0"
"1767024440.8089974","7.1","87.2","1990","1451608","4139","0"
"1767024443.430898","7.2","87.0","1989","1705379","4131","0"
"1767024446.038022","10.0","87.2","1989","1249502","4127","0"
"1767024448.4931147","7.7","87.1","1987","910680","4121","0"
"1767024450.901384","9.9","86.3","1987","1151131","4095","0"
"1767024453.4691546","8.4","86.1","1987","1448678","4096","0"
"1767024456.0656097","8.5","86.1","1987","1186968","4095","0"
"1767024458.5361776","8.1","86.0","1988","1175268","4090","0"
"1767024461.02118","9.9","87.6","1990","1158508","4150","0"
"1767024463.6505544","6.6","87.4","1990","1239254","4159","0"
"1767024466.3085942","7.8","87.4","1990","1292882","4158","0"
"1767024468.8085573","8.9","87.2","1987","1105340","4151","0"
"1767024471.2562318","6.7","87.2","1987","1215523","4141","0"
"1767024473.5161953","6.7","87.5","1987","1070219","4143","0"
"1767024475.61727","4.6","87.6","1987","109814","4138","0"
"1767024477.675197","4.3","87.6","1986","334282","4137","0"
"1767024479.6882772","4.0","87.5","1986","37001","4138","0"
"1767024481.7154408","4.8","87.6","1985","76451","4136","0"
"1767024483.738551","4.5","87.5","1985","34458","4134","0"
"1767024485.775928","4.8","87.5","1985","0","4134","0"
"1767024487.8081408","4.8","87.4","1994","14202","4136","0"
"1767024489.9064953","4.8","86.6","1990","1502","4111","0"
"1767024491.9096012","4.7","86.5","1990","91","4087","0"
"1767024494.3318474","6.9","87.1","1992","116486","4092","0"
"1767024497.2281258","12.3","87.3","1991","1162128","4102","0"
"1767024499.7180498","7.9","87.4","1993","1628633","4100","0"
"1767024502.5901875","9.2","87.3","1993","1093424","4098","0"
"1767024505.8523798","15.8","87.5","1993","1256040","4096","0"
"1767024508.5911076","7.9","87.3","1990","1223383","4083","0"
"1767024511.027047","7.6","86.7","1990","1095098","4049","0"
"1767024513.5307095","8.0","86.6","1990","990952","4047","0"
"1767024516.1149876","10.3","86.5","1988","1134067","4048","0"
"1767024518.6167274","11.8","86.4","1989","1669068","4051","0"
"1767024520.916419","9.9","87.9","1993","1548605","4109","0"
"1767024523.580448","8.8","88.4","1993","296072","4147","0"
"1767024526.3123536","9.4","87.9","1995","827399","4128","0"
"1767024528.785597","7.8","87.8","1995","1344077","4129","0"
"1767024531.2180343","11.2","87.8","1995","1388721","4123","0"
"1767024533.628433","10.1","87.8","1995","1273324","4121","0"
"1767024535.9494405","7.2","87.6","1995","1251630","4120","0"
"1767024538.4284205","8.1","87.5","1995","1416684","4120","0"
"1767024541.0033638","7.4","87.8","1995","1206067","4121","0"
"1767024543.499219","12.3","88.0","1995","1206836","4131","0"
"1767024545.6960852","5.8","87.9","1995","914783","4132","0"
"1767024548.0406475","7.1","88.2","1999","332085","4135","0"
"1767024550.3477519","6.8","88.6","1995","357426","4145","0"
"1767024552.7458994","5.7","88.7","2002","240144","4152","0"
"1767024555.5007987","11.7","89.6","2025","1385335","4162","0"
"1767024558.079947","6.5","89.5","2025","1849696","4149","0"
"1767024560.8298306","8.3","89.5","2028","655162","4146","0"
"1767024563.3876882","7.4","89.5","2028","1223344","4146","0"
"1767024565.610406","5.3","89.5","2030","329968","4146","0"
"1767024568.229037","8.0","89.6","2033","527169","4146","0"
"1767024570.6427653","13.4","89.2","2037","876671","4121","0"
"1767024572.7943342","5.1","89.4","2037","533147","4120","0"
"1767024574.8552063","4.5","89.1","2035","47534","4114","0"
"1767024576.944741","4.7","89.1","2035","2287","4102","0"
"1767024579.591636","13.6","89.2","2042","42440","4104","0"
"1767024582.1619198","6.5","89.2","2047","1292610","4131","0"
"1767024584.7272706","6.7","89.4","2048","1468409","4133","0"
"1767024586.8119602","11.8","89.4","2046","1809763","4128","0"
"1767024588.8186193","4.6","89.4","2046","371280","4128","0"
"1767024590.8792157","4.4","89.4","2037","29847","4124","0"
"1767024592.9057794","4.5","89.2","2035","20023","4123","0"
"1767024594.9044132","4.4","89.2","2033","21304","4122","0"
"1767024597.1298423","9.4","89.3","2028","48414","4121","0"
"1767024599.2796383","7.5","89.1","2026","382246","4117","0"
"1767024601.8267336","5.9","89.2","2026","638914","4116","0"
"1767024603.880211","5.1","89.1","2026","1527191","4117","0"
"1767024606.4476888","6.6","89.7","2035","1257196","4121","0"
"1767024609.4290495","10.0","89.7","2032","1306955","4100","0"
"1767024612.1198082","7.4","89.6","2028","1254448","4082","0"
"1767024614.6557589","7.7","89.6","2021","1610441","4082","0"
"1767024617.354766","6.2","89.2","2023","1269991","4078","0"
"1767024619.9743707","11.8","88.9","2025","1467770","4076","0"
"1767024622.5617595","7.6","88.9","2023","1606551","4076","0"
"1767024625.2454977","8.0","89.0","2023","1247206","4067","0"
"1767024628.1779988","18.7","88.1","2020","1579435","4068","0"
"1767024630.7031717","6.3","87.3","2018","1199709","4042","0"
"1767024633.2690983","7.6","87.4","2018","1262861","4044","0"
"1767024635.6609578","6.5","87.1","2012","1307329","4045","0"
"1767024638.2355022","7.4","87.1","2004","891269","4040","0"
"1767024641.000623","10.7","88.7","2008","1184558","4099","0"
"1767024643.564101","6.9","88.6","2008","1210027","4098","0"
"1767024646.1278706","6.1","88.6","2007","1085260","4093","0"
"1767024648.7022533","6.7","88.5","2007","1361224","4081","0"
"1767024651.302169","7.1","88.5","2005","1134889","4073","0"
"1767024654.2563343","8.1","88.2","2005","1403077","4074","0"
"1767024656.9185052","7.4","88.4","2005","1872268","4070","0"
"1767024659.451908","7.3","88.3","2002","1363008","4071","0"
"1767024662.0373638","7.0","88.3","2002","1186492","4071","0"
"1767024664.717701","7.1","88.1","2002","1620497","4074","0"
"1767024667.3650901","8.3","88.1","2003","1168884","4078","0"
"1767024669.8323102","7.0","87.6","1999","1142090","4077","0"
"1767024671.9522982","5.5","86.6","1999","598897","4066","0"
"1767024673.9790769","4.6","86.5","2000","73886","4075","0"
"1767024675.9927225","4.5","86.6","2002","100807","4072","0"
"1767024678.5701704","9.8","87.4","2009","198713","4063","0"
"1767024680.6903732","5.0","87.9","2012","633841","4067","0"
"1767024682.790154","5.2","87.8","2012","722467","4068","0"
"1767024684.927361","5.1","87.9","2011","353325","4068","0"
"1767024687.0675874","7.5","87.7","2009","287165","4070","0"
"1767024689.1774766","5.7","87.6","2010","244713","4070","0"
"1767024691.570749","11.9","87.5","2012","459000","4038","0"
"1767024694.4375284","6.6","87.8","2016","886116","4035","0"
"1767024696.6950483","5.3","87.7","2015","1338386","4024","0"
"1767024698.715988","5.0","87.8","2015","727351","4020","0"
"1767024700.759601","4.5","88.4","2019","24175","4062","0"
"1767024702.8168364","4.6","88.3","2019","94151","4063","0"
"1767024704.8402963","4.6","88.1","2019","53857","4062","0"
"1767024706.9064384","6.0","88.6","2018","36563","4078","0"
"1767024708.9724278","5.4","88.6","2015","34076","4074","0"
"1767024710.9990773","4.4","88.6","2013","40006","4069","0"
"1767024713.1334267","9.6","89.1","2016","184975","4069","0"
"1767024715.7206388","6.5","89.5","2018","831354","4068","0"
"1767024718.1475132","5.6","89.3","2014","1215451","4081","0"
"1767024720.8138742","6.6","89.3","2024","1301432","4079","0"
"1767024723.2550392","6.4","89.3","2024","1621155","4084","0"
"1767024725.9565473","7.3","90.5","2024","805990","4089","0"
"1767024728.7450614","10.7","90.3","2021","1393519","4096","0"
"1767024731.9610422","8.8","91.8","2020","397325","4142","0"
"1767024734.2399175","6.4","91.2","2019","1469069","4219","0"
"1767024736.4369538","5.8","90.6","2019","154079","4210","0"
"1767024738.5330951","4.4","90.4","2025","85875","4210","0"
"1767024740.9008193","6.5","90.5","2027","188443","4200","0"
"1767024743.328477","7.5","90.7","2027","1132710","4197","0"
"1767024746.2033122","7.1","90.9","2025","1076386","4194","0"
"1767024748.6271558","11.6","90.8","2025","1088402","4191","0"
"1767024751.2898607","6.7","90.0","2020","824855","4166","0"
"1767024753.7654934","7.9","90.0","2021","1008968","4166","0"
"1767024756.2074625","10.7","90.3","2019","834935","4172","0"
"1767024758.4370363","8.0","90.1","2017","217338","4174","0"
"1767024760.4924145","5.3","90.3","2023","113661","4200","0"
"1767024762.6423593","5.0","89.4","2023","122222","4198","0"
"1767024764.7410874","4.4","89.3","2025","92765","4200","0"
"1767024766.742413","4.3","89.3","2026","69867","4194","0"
"1767024768.7712865","4.6","89.3","2025","93396","4192","0"
"1767024770.8684974","4.3","89.3","2016","51629","4201","0"
"1767024772.8755827","4.3","89.4","2014","86176","4202","0"
"1767024774.8672907","4.6","89.4","2013","46990","4202","0"
"1767024776.9220326","5.4","89.5","2013","80142","4202","0"
"1767024779.1004796","6.3","89.8","2015","94953","4202","0"
"1767024781.5610054","6.4","90.2","2016","412094","4223","0"
"1767024783.9435847","5.5","90.3","2016","1330354","4222","0"
"1767024785.9751055","5.0","90.4","2014","1556072","4225","0"
"1767024788.0086827","4.7","90.5","2016","92919","4226","0"
"1767024790.1025577","5.0","90.1","2012","68253","4211","0"
"1767024792.492299","6.1","90.9","2011","670674","4209","0"
"1767024794.6491396","6.4","90.6","2011","1161387","4191","0"
"1767024796.7012017","4.4","90.8","2011","176758","4188","0"
"1767024798.7802231","4.4","90.8","2011","36958","4182","0"
"1767024800.8084354","4.6","90.5","2009","41208","4176","0"
"1767024802.899289","4.4","90.2","2009","43941","4176","0"
"1767024804.9578693","4.4","90.1","2009","49713","4172","0"
"1767024807.0324283","4.5","90.0","2009","302","4172","0"
"1767024809.1232054","4.4","88.9","2008","2010","4170","0"
"1767024811.2598362","4.4","89.2","2010","15196","4132","0"
"1767024813.302798","10.7","89.9","2015","335310","4138","0"
"1767024815.4325364","4.9","89.7","2015","111180","4146","0"
"1767024817.5505495","4.8","90.0","2013","25127","4222","0"
"1767024819.8906844","8.6","91.4","2020","3640","4199","0"
"1767024822.1829631","4.8","91.9","2020","45442","4283","0"
"1767024824.3008196","4.7","91.7","2023","5803","4310","0"
"1767024826.4410582","4.4","91.5","2025","4281","4287","0"
"1767024828.581425","4.6","91.1","2025","8987","4236","0"
"1767024830.726214","4.8","90.8","2022","152","4229","0"
"1767024832.7839983","4.5","90.8","2021","4014","4235","0"
"1767024834.8169155","5.2","90.7","2021","0","4235","0"
"1767024836.9073098","4.4","90.7","2019","132","4237","0"
"1767024839.0611346","4.4","90.8","2019","434","4244","0"
"1767024841.2503197","8.3","91.3","2014","31251","4240","0"
"1767024843.3027675","4.5","91.3","2012","21316","4231","0"
"1767024845.3707254","4.9","91.3","2012","217","4225","0"
"1767024847.4219184","4.9","91.2","2019","108","4223","0"
"1767024849.4902043","4.4","90.7","2015","14049","4223","0"
"1767024851.5524445","4.6","90.7","2017","39025","4197","0"
"1767024853.629306","4.8","90.7","2017","26884","4207","0"
"1767024855.9195635","6.6","91.1","2021","56290","4204","0"
"1767024858.7939007","10.5","91.8","2020","853752","4195","0"
"1767024861.3663433","6.7","92.0","2024","1509324","4194","0"
"1767024864.4132063","9.0","92.6","2028","1360702","4194","0"
"1767024867.1518056","10.0","86.3","2038","1835609","4192","0"
"1767024869.1971118","4.8","86.5","2035","1745726","4191","0"
"1767024871.2359238","4.4","85.7","2037","79039","4168","0"
"1767024873.2928603","4.4","85.8","2037","42118","4170","0"
"1767024875.9482205","15.5","86.7","2030","75556","4170","0"
"1767024878.4739113","11.4","86.6","2034","1641843","4170","0"
"1767024880.7058268","5.7","87.3","2036","1648487","4209","0"
"1767024883.213071","6.4","87.0","2044","377221","4193","0"
"1767024885.7491617","7.4","87.1","2044","1170216","4191","0"
"1767024888.019792","6.2","87.0","2044","1380609","4185","0"
"1767024890.0687141","4.8","87.1","2039","361745","4179","0"
"1767024892.1101685","4.5","86.9","2035","4661","4141","0"
"1767024894.1808493","8.3","85.9","2031","300","4132","0"
"1767024896.2184372","4.3","85.6","2029","258","4125","0"
"1767024898.297541","4.6","85.6","2029","77853","4111","0"
"1767024900.3644283","5.3","85.6","2029","36965","4113","0"
"1767024902.4185958","8.3","85.7","2027","50353","4114","0"
"1767024904.4631572","4.4","85.8","2021","30334","4112","0"
"1767024907.013368","18.1","88.0","2025","216618","4084","0"
"1767024909.2001061","6.1","88.9","2024","713086","4091","0"
"1767024911.7909663","7.5","88.9","2025","1045945","4089","0"
"1767024914.9073372","8.9","86.2","2027","1422007","4092","0"
"1767024917.2228193","7.6","87.3","2031","1209054","4114","0"
"1767024920.2920444","13.7","88.2","2044","1211972","4113","0"
"1767024923.2745042","7.8","88.0","2044","1589270","4145","0"
"1767024925.9998927","7.9","87.9","2044","1730800","4136","0"
"1767024928.5836399","7.7","88.1","2043","1671327","4145","0"
"1767024931.0117776","6.8","87.2","2043","1085199","4124","0"
"1767024933.4912553","6.9","87.2","2040","857747","4125","0"
"1767024935.90023","7.1","87.0","2038","733457","4125","0"
"1767024938.3039033","6.7","87.1","2038","647048","4131","0"
"1767024940.7253118","6.7","87.4","2038","697733","4156","0"
"1767024943.1340804","6.4","87.2","2038","657926","4155","0"
"1767024945.5121925","6.0","87.4","2039","561987","4152","0"
"1767024947.8770301","6.0","86.7","2034","591742","4131","0"
"1767024950.259855","11.3","86.6","2022","588203","4126","0"
"1767024952.6262028","6.9","86.6","2019","557877","4124","0"
"1767024955.0054817","6.5","86.7","2017","536452","4123","0"
"1767024957.6583743","13.7","85.8","2017","608622","4129","0"
"1767024960.0892448","6.2","85.8","2019","727262","4107","0"
"1767024962.422615","7.2","85.8","2019","696000","4099","0"
"1767024964.897841","6.0","85.8","2017","972250","4095","0"
"1767024967.6293387","14.8","85.9","2017","1359367","4095","0"
"1767024970.014664","5.2","85.7","2011","855171","4079","0"
"1767024972.3646607","6.0","85.7","2010","745222","4079","0"
"1767024974.8127365","6.2","85.8","2010","704456","4078","0"
"1767024977.2390783","6.7","85.7","2010","1206692","4070","0"
"1767024979.6056252","6.7","85.4","2010","1358502","4066","0"
"1767024982.0027382","6.7","85.4","2014","693282","4062","0"
"1767024984.3564334","6.8","85.4","2014","662187","4062","0"
"1767024986.7473357","6.3","85.4","2014","828318","4063","0"
"1767024989.1394966","6.1","85.5","2011","656775","4063","0"
"1767024991.4909396","6.7","84.9","2011","713318","4037","0"
"1767024993.8680396","6.5","84.9","2008","972826","4039","0"
"1767024996.210473","7.4","84.9","2008","942474","4035","0"
"1767024998.7518947","11.4","84.9","2006","777844","4033","0"
"1767025001.1492734","8.3","86.4","2011","668402","4087","0"
"1767025003.5909033","6.3","86.5","2012","655360","4093","0"
"1767025005.9543743","6.7","86.4","2014","750682","4090","0"
"1767025008.2767458","5.8","86.4","2014","443769","4084","0"
"1767025010.61544","5.8","86.3","2010","470904","4074","0"
"1767025013.0309274","7.2","86.3","2010","713803","4074","0"
"1767025015.4421113","7.1","86.3","2010","817983","4071","0"
"1767025018.152549","7.4","86.8","2022","793873","4080","0"
"1767025020.8121815","6.8","86.8","2022","1196762","4081","0"
"1767025023.3028939","5.8","86.8","2026","1582892","4094","0"
"1767025025.5479186","5.6","86.6","2025","807543","4090","0"
"1767025028.3029923","12.1","87.1","2028","624927","4084","0"
"1767025030.7291903","5.7","86.2","2023","1441291","4051","0"
"1767025033.062442","6.0","86.0","2021","997044","4046","0"
"1767025035.4046803","6.2","86.1","2021","635447","4047","0"
"1767025037.7493014","6.8","86.1","2019","689942","4043","0"
"1767025040.119647","5.5","85.7","2019","518765","4043","0"
"1767025042.6720052","10.0","85.7","2021","828027","4052","0"
"1767025045.2711325","12.4","85.6","2021","1217142","4051","0"
"1767025047.8844476","12.9","85.6","2009","1230035","4054","0"
"1767025050.2790885","6.3","85.1","2011","962850","4050","0"
"1767025052.5813992","6.1","85.1","2009","888295","4028","0"
"1767025054.986208","6.5","85.2","2010","1286305","4028","0"
"1767025057.337517","6.3","85.2","2002","747322","4034","0"
"1767025059.8528805","6.4","86.3","2007","555281","4039","0"
"1767025062.212112","6.7","86.3","2006","713759","4079","0"
"1767025064.236892","4.8","86.3","2007","211082","4082","0"
"1767025066.3315098","5.7","86.3","2007","165484","4092","0"
"1767025068.5094814","5.1","86.8","2009","83285","4098","0"
"1767025070.588255","4.8","86.7","2007","480393","4115","0"
"1767025072.6873155","5.1","86.5","2007","235607","4111","0"
"1767025074.6934428","4.7","86.6","2006","166407","4112","0"
"1767025076.7216296","5.2","85.8","2005","79912","4114","0"
"1767025078.8177183","5.0","85.8","2005","97284","4112","0"
"1767025080.8938713","4.4","85.8","2007","84561","4111","0"
"1767025082.906037","4.5","85.8","2007","90785","4113","0"
"1767025085.0976021","4.8","86.0","2007","76747","4109","0"
"1767025087.3090842","5.8","86.1","2006","342238","4112","0"
"1767025089.3296738","5.0","86.2","2001","403959","4110","0"
"1767025091.2843966","6.2","86.5","2001","17806","4112","0"
"1767025093.23251","4.2","86.5","2001","3454","4112","0"
"1767025095.1829405","4.0","86.4","1999","10609","4106","0"
"1767025097.2555854","5.2","86.4","1999","30755","4098","0"
"1767025099.3929133","4.3","86.9","1999","94043","4091","0"
"1767025101.7023304","5.3","87.9","2009","144216","4093","0"
"1767025103.7600648","5.1","88.1","2009","223659","4143","0"
"1767025105.9361298","5.0","88.1","2015","168220","4144","0"
"1767025108.0359452","6.6","88.4","2025","127045","4146","0"
"1767025110.2923486","5.6","88.5","2035","89836","4130","0"
"1767025112.6068692","5.5","88.5","2044","62061","4117","0"
"1767025114.688968","4.9","88.7","2045","407213","4125","0"
"1767025117.251467","13.2","89.7","2051","38228","4205","0"
"1767025119.4780905","9.9","91.0","2055","67633","4254","0"
"1767025121.7705142","7.5","90.6","2057","36420","4330","0"
"1767025124.087856","5.0","90.5","2059","31679","4365","0"
"1767025126.3387566","4.8","90.4","2059","87863","4354","0"
"1767025128.5177758","5.4","90.9","2062","66054","4363","0"
"1767025130.6404727","4.9","90.4","2060","53393","4364","0"
"1767025133.0263577","6.0","91.3","2054","55671","4350","0"
"1767025135.9937205","9.2","93.3","2069","356849","4381","0"
"1767025140.0888891","25.5","96.4","2260","1344609","4386","0"
"1767025142.855245","12.2","94.6","2293","1919937","4625","0"
"1767025146.463256","24.0","87.8","2354","1155716","4378","0"
"1767025148.8157196","6.2","86.6","2345","1148062","4353","0"
"1767025151.9182765","10.4","89.2","2399","357933","4381","0"
"1767025154.2069893","5.7","89.0","2400","520340","4444","0"
"1767025156.4031732","4.7","88.6","2402","374560","4436","0"
"1767025159.657793","17.4","92.1","2388","495115","4544","0"
"1767025162.8380702","13.3","90.2","2481","1155892","4415","0"
"1767025167.1540034","22.4","94.3","2548","1362818","4410","0"
"1767025169.7754319","10.3","86.5","2517","2620989","4324","0"
"1767025172.3684993","7.8","89.2","2512","530112","4357","0"
"1767025175.043126","8.7","88.6","2448","420315","4436","0"
"1767025177.3044548","5.9","88.8","2441","513142","4468","0"
"1767025179.8699434","8.6","90.6","2435","82300","4526","0"
"1767025182.7366219","8.4","93.4","2446","424680","4602","0"
"1767025185.0383172","5.5","93.3","2449","450504","4639","0"
"1767025187.271868","4.9","93.1","2442","224838","4618","0"
"1767025189.6503305","5.4","91.8","2415","23030","4586","0"
"1767025191.982477","5.1","91.6","2392","25683","4565","0"
"1767025194.287584","5.2","91.5","2350","20335","4550","0"
"1767025196.5055547","5.3","91.5","2326","19217","4546","0"
"1767025198.6530068","4.6","91.5","2306","8277","4545","0"
"1767025201.0426512","5.9","91.5","2301","476","4542","0"
"1767025203.3059998","4.8","90.9","2301","32931","4540","0"
"1767025205.5259416","4.9","90.8","2298","21413","4544","0"
"1767025207.9462454","5.4","90.5","2307","10473","4512","0"
"1767025210.3358707","5.0","89.9","2303","49585","4485","0"
"1767025212.7296352","8.6","90.2","2297","31238","4467","0"
"1767025215.0522099","5.3","89.7","2299","5257","4455","0"
"1767025217.3688507","7.7","89.7","2299","27161","4477","0"
"1767025219.511845","4.6","89.7","2299","36487","4474","0"
"1767025221.930968","5.1","89.6","2291","11359","4472","0"
"1767025224.2049863","5.2","89.7","2287","28524","4471","0"
"1767025226.3580954","4.9","89.7","2284","25848","4470","0"
"1767025228.7194898","4.7","89.7","2281","9263","4458","0"
"1767025230.9437747","5.0","89.2","2282","56699","4432","0"
"1767025233.0612187","4.9","89.2","2281","27368","4433","0"
"1767025235.3405948","5.0","89.2","2281","14857","4431","0"
"1767025237.5378792","4.9","89.1","2281","58542","4431","0"
"1767025239.9669356","6.4","90.0","2283","28239","4429","0"
"1767025242.2632573","5.4","90.0","2283","83670","4464","0"
"1767025244.5472896","5.2","90.1","2286","85978","4461","0"
"1767025246.8444653","4.9","90.0","2285","16360","4457","0"
"1767025249.2016954","5.5","89.7","2285","44687","4432","0"
"1767025251.4717338","7.1","91.8","2284","19627","4406","0"
"1767025253.8270352","9.1","91.6","2282","1727","4415","0"
"1767025256.081415","7.5","91.6","2281","12010","4411","0"
"1767025258.3787336","6.0","91.5","2279","76495","4412","0"
"1767025260.801286","6.1","92.5","2276","51057","4397","0"
"1767025262.950547","4.5","92.6","2272","32078","4400","0"
"1767025265.0644963","4.5","92.6","2264","421","4397","0"
"1767025267.1793475","4.9","92.8","2261","532","4400","0"
"1767025269.4304805","6.5","94.0","2250","4534","4396","0"
"1767025271.6328804","6.4","92.7","2248","10793","4398","0"
"1767025273.7840023","6.5","85.9","2244","327609","4404","0"
"1767025276.0319865","4.8","85.9","2241","7708","4400","0"
"1767025278.3524592","4.8","83.8","2162","284686","4372","0"
"1767025280.6164143","6.4","85.1","2118","457969","4411","0"
"1767025282.7966597","5.3","85.1","2117","390295","4418","0"
"1767025284.982937","6.0","85.3","2123","68624","4406","0"
"1767025287.6578062","7.0","86.7","2154","169733","4378","0"
"1767025289.8553357","6.4","87.5","2164","476749","4404","0"
"1767025292.2306435","6.0","87.5","2176","38162","4410","0"
"1767025294.3308566","5.2","87.7","2173","189946","4363","0"
"1767025296.4692683","6.1","87.6","2173","38642","4355","0"
"1767025298.771519","5.7","87.3","2172","58218","4347","0"
"1767025301.0621922","7.0","88.7","2174","231308","4343","0"
"1767025303.2318952","4.8","88.5","2182","112999","4365","0"
"1767025305.5964272","9.8","88.6","2185","100541","4356","0"
"1767025307.9645314","7.0","88.8","2181","33744","4348","0"
"1767025310.2772663","5.4","89.3","2162","222596","4369","0"
"1767025312.4056275","4.8","89.3","2154","354587","4360","0"
"1767025314.87993","7.9","89.4","2152","427943","4343","0"
"1767025317.0058105","4.7","89.3","2150","92971","4347","0"
"1767025319.1555736","4.9","89.0","2150","5346","4348","0"
"1767025321.3540218","5.1","89.3","2142","25500","4347","0"
"1767025323.473262","4.5","89.2","2138","122518","4346","0"
"1767025325.6259184","4.8","89.3","2138","135103","4346","0"
"1767025328.097298","7.0","90.7","2143","88400","4345","0"
"1767025330.2556663","7.3","90.3","2132","326932","4332","0"
"1767025332.341237","6.7","91.5","2129","476333","4334","0"
"1767025334.8986266","6.4","91.1","2127","302722","4351","0"
"1767025337.2748468","8.0","90.7","2131","867487","4384","0"
"1767025339.5940685","6.6","91.8","2137","224282","4413","0"
"1767025342.2926507","10.6","91.8","2143","768293","4411","0"
"1767025344.5535028","5.1","91.7","2143","1447502","4408","0"
"1767025347.9872158","11.8","95.1","2181","160116","4434","0"
"1767025351.5639603","14.8","94.2","2177","1738147","4407","0"
"1767025354.0301764","8.2","94.7","2187","892278","4373","0"
"1767025356.2126603","5.0","94.7","2185","1025009","4367","0"
"1767025359.6701813","15.4","93.0","2213","317069","4382","0"
"1767025362.4218075","8.7","93.1","2215","1304526","4446","0"
"1767025364.920713","8.2","93.1","2212","1073515","4427","0"
"1767025367.329614","5.8","91.6","2212","800416","4432","0"
"1767025369.6220098","6.0","89.1","2202","598064","4419","0"
"1767025371.7516627","5.3","88.2","2202","299625","4417","0"
"1767025373.9787426","6.2","88.6","2194","181696","4413","0"
"1767025376.0622344","4.8","88.7","2183","806810","4410","0"
"1767025378.2189276","5.3","88.5","2178","55303","4404","0"
"1767025380.439861","5.4","88.6","2178","93008","4397","0"
"1767025382.6040094","4.9","88.2","2169","50041","4386","0"
"1767025384.7999017","5.5","88.2","2169","155126","4376","0"
"1767025386.981002","4.9","88.5","2169","152107","4369","0"
"1767025389.1994934","5.3","88.4","2144","177542","4350","0"
"1767025392.0063927","9.7","89.1","2153","150458","4312","0"
"1767025394.3262403","5.3","89.1","2156","886502","4328","0"
"1767025396.4340417","5.4","89.0","2160","833338","4330","0"
"1767025398.9915779","5.9","88.9","2151","319296","4323","0"
"1767025401.157231","5.4","88.6","2155","895185","4320","0"
"1767025403.2980263","5.2","88.3","2158","668525","4317","0"
"1767025406.204351","10.1","92.2","2189","129735","4351","0"
"1767025408.9529922","8.5","93.6","2186","1356782","4378","0"
"1767025411.9873292","9.1","93.2","2184","1586050","4357","0"
"1767025414.8834696","8.9","93.2","2186","1132492","4352","0"
"1767025417.867127","9.1","93.3","2187","544027","4359","0"
"1767025420.940271","8.1","93.8","2178","1283601","4355","0"
"1767025423.9056554","11.7","94.1","2178","1561175","4465","0"
"1767025426.799035","6.6","93.7","2176","1119955","4463","0"
"1767025429.5172877","6.3","93.2","2172","1514907","4433","0"
"1767025431.8522627","5.1","93.4","2168","1565799","4414","0"
"1767025434.346077","7.2","92.3","2162","1331182","4403","0"
"1767025436.841622","6.2","91.9","2153","1372912","4384","0"
"1767025439.3110967","6.4","91.8","2149","931153","4400","0"
"1767025441.6484833","5.7","91.6","2152","1291279","4396","0"
"1767025444.0288243","6.4","91.6","2148","1304364","4394","0"
"1767025446.4714289","6.6","91.6","2144","1174357","4390","0"
"1767025448.9359126","6.2","91.8","2134","1113081","4395","0"
"1767025451.4233541","7.1","92.1","2132","1191271","4413","0"
"1767025453.8029547","6.9","92.0","2131","1078261","4413","0"
"1767025456.2349393","5.5","91.9","2126","1389609","4406","0"
"1767025458.6906424","7.1","91.8","2122","1371616","4406","0"
"1767025461.7951665","17.5","93.1","2117","1313855","4404","0"
"1767025464.2925775","6.9","93.0","2113","1190453","4406","0"
"1767025466.7282956","6.3","93.0","2108","1137044","4405","0"
"1767025469.1351395","5.7","93.1","2105","1294482","4402","0"
"1767025471.5757527","7.3","92.4","2096","1138297","4377","0"
"1767025474.4490802","7.8","92.4","2095","1365365","4376","0"
"1767025476.9891915","7.5","92.5","2094","1411861","4381","0"
"1767025479.4921753","6.9","93.1","2095","987062","4385","0"
"1767025481.9530666","6.5","92.9","2091","1223202","4402","0"
"1767025484.4385078","6.4","92.8","2095","885869","4381","0"
"1767025486.8248978","6.5","92.7","2090","799627","4370","0"
"1767025489.3831952","6.8","92.9","2087","1417030","4367","0"
"1767025491.956634","7.2","93.0","2088","871076","4417","0"
"1767025494.36933","6.2","93.0","2086","918671","4414","0"
"1767025496.8559535","6.8","93.0","2084","1221299","4384","0"
"1767025499.1793234","5.2","93.1","2084","868445","4364","0"
"1767025501.4939137","6.4","93.0","2084","60748","4359","0"
"1767025503.8122706","5.7","93.0","2082","1000679","4358","0"
"1767025506.3060603","9.4","93.6","2083","781682","4350","0"
"1767025508.6115706","6.9","93.1","2080","722535","4319","0"
"1767025510.8630564","5.7","92.8","2079","1271534","4307","0"
"1767025513.129372","5.3","89.5","2078","462881","4310","0"
"1767025515.4008548","5.1","89.5","2078","947481","4305","0"
"1767025517.8158262","6.3","89.8","2076","1091276","4307","0"
"1767025520.3016586","6.3","89.7","2074","1317382","4295","0"
"1767025522.6256466","6.3","89.7","2072","1249234","4293","0"
"1767025524.9527948","5.4","89.7","2070","1212364","4287","0"
"1767025527.5043473","6.7","89.7","2071","1431456","4280","0"
"1767025529.9310176","5.9","89.0","2070","971061","4254","0"
"1767025532.4581852","6.3","88.9","2068","1561231","4248","0"
"1767025534.865414","6.1","88.8","2069","1545995","4272","0"
"1767025537.4641418","7.3","89.7","2074","1458672","4351","0"
"1767025540.2748437","9.9","91.3","2077","1401564","4376","0"
"1767025542.740636","6.2","90.7","2079","1333549","4431","0"
"1767025545.239834","6.7","90.7","2079","1455317","4430","0"
"1767025547.7949739","7.3","90.5","2078","1554229","4409","0"
"1767025550.3390446","8.2","91.2","2081","1363342","4411","0"
"1767025552.8881688","6.6","91.2","2079","1181824","4411","0"
"1767025555.4101622","7.7","91.1","2081","1401156","4407","0"
"1767025557.9759498","7.5","91.3","2077","1571825","4412","0"
"1767025560.6701884","7.9","91.9","2076","1397201","4418","0"
"1767025562.9282565","5.1","91.5","2072","874663","4408","0"
"1767025565.4895499","7.8","91.8","2069","378758","4398","0"
"1767025567.8252916","7.7","93.0","2093","554544","4451","0"
"1767025570.1807194","5.4","93.6","2102","413355","4451","0"
"1767025572.495297","6.3","93.7","2102","207158","4482","0"
"1767025574.7768204","5.3","91.3","2101","146591","4508","0"
"1767025577.3155708","7.9","91.2","2116","323901","4443","0"
"1767025579.491768","5.1","90.9","2116","452409","4429","0"
"1767025581.6126678","5.0","90.7","2118","43151","4418","0"
"1767025583.741188","4.7","90.4","2116","9241","4414","0"
"1767025586.1844616","5.8","90.4","2116","568095","4411","0"
"1767025588.2782738","4.8","89.5","2113","873992","4405","0"
"1767025590.4449525","4.8","88.6","2115","3421","4382","0"
"1767025592.7337344","5.1","87.8","2115","531543","4386","0"
"1767025594.8572588","5.9","87.7","2110","207536","4386","0"
"1767025596.9691381","4.6","87.7","2102","58215","4376","0"
"1767025599.5853143","7.2","87.9","2094","176064","4356","0"
"1767025601.811431","5.1","87.9","2097","778579","4399","0"
"1767025604.2343636","5.4","87.0","2098","286024","4375","0"
"1767025607.029479","9.3","88.6","2078","707861","4359","0"
"1767025609.7250206","7.6","88.1","2073","1804654","4356","0"
"1767025612.225098","6.4","87.9","2073","1738439","4350","0"
"1767025614.7645824","7.5","87.9","2070","1297669","4348","0"
"1767025617.2810717","6.1","87.8","2070","1473150","4347","0"
"1767025619.7921274","6.1","87.7","2068","1363481","4350","0"
"1767025622.1915894","6.4","87.5","2068","1049528","4351","0"
"1767025624.6215854","6.4","87.5","2068","659154","4350","0"
"1767025627.091465","7.2","87.8","2069","654051","4353","0"
"1767025629.6258228","8.0","88.6","2062","677698","4313","0"
"1767025632.002563","7.7","87.8","2058","659168","4309","0"
"1767025634.2175817","4.9","87.5","2057","995956","4298","0"
"1767025636.5209064","5.8","87.7","2056","362663","4285","0"
"1767025638.7943897","5.2","87.5","2055","1031380","4289","0"
"1767025641.256042","6.4","87.4","2055","1444095","4284","0"
"1767025643.5240953","5.8","87.4","2052","1397186","4283","0"
"1767025645.765344","6.0","87.5","2051","1446664","4277","0"
"1767025648.2177508","6.4","87.5","2048","1492002","4270","0"
"1767025650.542065","6.5","86.8","2047","1431033","4247","0"
"1767025652.9876716","6.4","86.8","2047","1292805","4242","0"
"1767025655.430236","5.6","86.8","2047","844710","4240","0"
"1767025657.8728414","6.0","86.9","2047","908893","4240","0"
"1767025660.4098449","7.3","87.5","2051","861371","4231","0"
"1767025662.8123105","6.3","87.5","2053","851870","4267","0"
"1767025665.2852082","6.5","87.6","2056","1094076","4267","0"
"1767025667.784875","7.6","87.6","2056","1158819","4255","0"
"1767025670.2736378","6.6","87.5","2055","1090462","4251","0"
"1767025672.7283008","6.5","87.6","2053","750727","4250","0"
"1767025675.2323532","7.1","87.3","2051","770683","4250","0"
"1767025677.5219088","5.2","87.3","2050","1162820","4249","0"
"1767025679.8736432","6.0","87.3","2050","1283646","4246","0"
"1767025682.1410365","5.3","87.4","2049","904348","4242","0"
"1767025684.519157","6.5","87.4","2049","1357787","4241","0"
"1767025686.9483724","5.6","87.6","2050","1137393","4241","0"
"1767025689.244406","6.6","87.4","2045","835679","4238","0"
"1767025691.7046323","6.8","87.4","2043","1299512","4223","0"
"1767025694.1497595","6.0","87.2","2043","933413","4224","0"
"1767025696.6445084","7.0","87.1","2042","1002945","4195","0"
"1767025699.0946674","6.5","87.2","2041","896741","4187","0"
"1767025701.392186","6.0","87.1","2041","1111805","4177","0"
"1767025703.918014","6.9","87.2","2039","1345700","4177","0"
"1767025706.3090355","6.2","87.2","2037","1156229","4182","0"
"1767025708.6131485","5.7","87.2","2036","1099516","4182","0"
"1767025711.0513945","7.4","86.5","2035","1449330","4160","0"
"1767025713.4504857","6.6","86.7","2034","1038938","4163","0"
"1767025715.8227868","6.0","86.5","2036","876359","4154","0"
"1767025718.2323837","5.8","86.5","2036","1416542","4151","0"
"1767025720.9077172","11.2","88.5","2040","1101777","4212","0"
"1767025723.253097","6.3","88.7","2043","1211108","4268","0"
"1767025725.701199","6.6","88.9","2043","1318049","4268","0"
"1767025728.153593","6.9","88.8","2043","1345721","4262","0"
"1767025730.5997515","6.1","88.5","2043","1163730","4255","0"
"1767025733.0507445","6.1","88.6","2043","1226129","4252","0"
"1767025735.4983046","6.0","88.6","2041","919094","4251","0"
"1767025737.924476","5.7","88.6","2046","835967","4253","0"
"1767025740.2760224","5.6","88.6","2045","962834","4251","0"
"1767025742.723604","5.8","88.7","2045","1017575","4252","0"
"1767025745.1891367","7.3","88.7","2045","1161609","4250","0"
"1767025747.5640156","5.6","87.9","2046","559499","4259","0"
"1767025750.0452821","6.2","87.4","2042","641260","4269","0"
"1767025752.5655575","6.7","87.3","2042","1179472","4243","0"
"1767025754.9436631","6.0","87.4","2042","1202805","4233","0"
"1767025757.517925","7.4","87.1","2042","1438264","4229","0"
"1767025760.0227895","6.9","87.8","2045","1030258","4232","0"
"1767025762.4158297","7.2","87.8","2045","781506","4251","0"
"1767025764.7607324","5.6","87.8","2043","1330343","4235","0"
"1767025767.0801976","6.1","87.8","2037","1476455","4233","0"
"1767025769.3453255","5.2","87.9","2037","1441638","4227","0"
"1767025772.0541523","8.9","88.0","2033","1426368","4219","0"
"1767025774.4123635","6.5","88.3","2031","1501319","4328","0"
"1767025776.8887703","6.4","88.3","2026","1448811","4329","0"
"1767025779.4195836","6.9","89.0","2030","890823","4311","0"
"1767025781.9217055","6.6","89.0","2032","1264397","4352","0"
"1767025784.4621294","6.5","89.3","2036","971922","4339","0"
"1767025786.6837988","7.0","89.8","2036","859316","4349","0"
"1767025788.9135838","5.0","89.7","2034","496486","4349","0"
"1767025791.0803657","5.3","89.3","2037","481712","4330","0"
"1767025793.3063092","5.5","90.1","2037","373708","4338","0"
"1767025795.5680354","5.6","90.0","2037","367008","4358","0"
"1767025797.7797034","6.3","90.0","2038","336781","4378","0"
"1767025799.9632049","5.4","89.5","2038","487487","4379","0"
"1767025802.2208567","5.4","89.1","2037","306594","4366","0"
"1767025804.3994722","5.1","88.9","2039","315766","4356","0"
"1767025806.498422","4.8","88.9","2038","95777","4356","0"
"1767025808.535617","5.1","88.2","2041","38699","4319","0"
"1767025810.5623384","5.8","88.2","2041","10097","4335","0"
"1767025812.582835","4.7","88.2","2041","5291","4334","0"
"1767025814.6069067","4.5","87.6","2039","9958","4317","0"
"1767025816.6263802","4.5","87.6","2037","2041","4315","0"
"1767025818.6320596","4.3","87.6","2035","1850","4312","0"
"1767025820.6365616","4.1","87.5","2034","1915","4311","0"
"1767025822.652219","4.2","87.6","2033","2279","4303","0"
"1767025824.6708958","4.3","87.6","2029","2419","4301","0"
"1767025826.6822448","4.1","87.5","2029","1479","4300","0"
"1767025828.682269","4.2","87.5","2029","1091","4299","0"
"1767025830.6829052","4.2","86.9","2028","1645","4275","0"
"1767025832.7027142","4.5","86.8","2028","3988","4271","0"
"1767025834.735952","4.4","86.9","2025","1636","4270","0"
"1767025836.748923","4.3","86.9","2023","14317","4272","0"
"1767025838.7414155","4.3","86.8","2022","1715","4272","0"
"1767025840.762511","4.9","87.5","2026","19112","4298","0"
"1767025842.8273885","4.9","87.6","2024","2564","4299","0"
"1767025844.8329268","4.2","87.7","2028","18417","4295","0"
"1767025846.8552902","4.4","87.7","2028","3311","4285","0"
"1767025848.8536887","4.2","87.8","2028","8699","4276","0"
"1767025850.8649104","4.4","87.8","2028","7907","4264","0"
"1767025853.009967","4.8","87.9","2031","3895","4260","0"
"1767025855.128602","5.6","87.7","2029","212665","4263","0"
"1767025857.3630433","5.9","87.8","2029","59654","4271","0"
"1767025859.4937706","4.7","87.8","2028","248805","4231","0"
"1767025983.0007243","8.6","89.5","2045","110","4164","1"
"1767025985.0290937","4.8","89.6","2043","97879","4158","1"
"1767025987.1533508","6.6","89.1","2043","213270","4161","1"
"1767025989.1767445","4.4","89.0","2041","17893","4168","1"
"1767025991.279988","6.1","89.5","2040","23976","4185","1"
"1767025993.3278685","5.1","89.5","2039","207363","4177","1"
"1767025995.347278","5.2","89.5","2037","31853","4159","1"
"1767025997.43614","5.2","89.4","2036","64468","4154","1"
"1767025999.4768422","4.8","89.3","2034","35231","4153","1"
"1767026001.771409","6.7","90.0","2037","324473","4140","1"
"1767026003.998846","5.3","90.3","2229","61282","4248","1"
"1767026006.2795947","4.7","90.4","2659","24741","4465","1"
"1767026008.7801259","5.1","90.6","3124","12991","4689","1"
"1767026011.5801857","5.8","90.4","3646","8655","4921","1"
"1767026014.567747","6.0","90.5","4203","339184","5191","1"
"1767026017.588039","6.8","90.9","4767","182283","5496","1"
"1767026020.9927022","8.5","91.7","5400","56454","5835","1"
"1767026024.187616","6.8","92.6","5992","378878","6225","1"
"1767026028.1480894","6.4","92.9","6719","98816","6569","1"
"1767026031.8319185","6.3","93.3","7397","182079","6922","1"
"1767026035.948421","7.8","93.6","8149","231950","7255","1"
"1767026040.3541656","6.4","94.0","8956","98074","7649","1"
"1767026044.993957","7.9","94.4","9800","394960","8075","1"
"1767026049.4585419","6.5","94.9","10615","284817","8489","1"
"1767026053.929112","6.4","95.0","11432","267659","8890","1"
"1767026058.092289","6.2","94.7","12036","86979","9218","1"
"1767026061.43791","6.3","94.9","12037","36481","9211","1"
"1767026064.8906968","7.5","95.4","12051","252449","9209","1"
"1767026068.0710547","6.1","94.6","12045","94608","9218","1"
"1767026071.2548194","5.9","93.9","12046","11374","9191","1"
"1767026074.5568178","7.7","95.1","12048","45710","9227","1"
"1767026077.8057792","6.7","93.9","12039","400738","9185","1"
"1767026081.1920347","8.1","94.0","12043","333959","9199","1"
"1767026084.4773064","8.1","94.8","12051","50136","9261","1"
"1767026087.7062078","7.3","93.3","12041","33321","9219","1"
"1767026090.8452146","5.6","93.2","12039","4577","9218","1"
"1767026094.2423246","8.0","94.4","12047","11204","9251","1"
"1767026097.4694397","6.6","94.5","12047","55543","9250","1"
"1767026100.8264403","6.4","94.7","12045","8218","9220","1"
"1767026104.1230576","6.0","94.7","12035","199755","9207","1"
"1767026107.7378829","7.2","95.3","12036","49321","9212","1"
"1767026111.2329798","7.4","94.1","12029","108597","9180","1"
"1767026114.7436178","7.6","93.2","12028","385879","9201","1"
"1767026118.051384","7.7","93.2","12028","127675","9247","1"
"1767026121.290654","6.1","93.3","12028","33996","9245","1"
"1767026124.5407584","6.9","93.2","12023","30855","9246","1"
"1767026127.891687","6.5","93.3","12020","41379","9244","1"
"1767026131.138911","6.8","90.6","12018","82633","9214","1"
"1767026134.419737","6.4","90.7","12017","153368","9228","1"
"1767026137.7586706","6.5","90.6","12015","85319","9220","1"
"1767026141.0704033","6.1","91.6","12015","67661","9227","1"
"1767026144.2343981","5.8","91.2","12019","34949","9270","1"
"1767026147.4461133","5.8","91.4","12018","30625","9273","1"
"1767026150.7685363","6.4","91.4","12018","65542","9265","1"
"1767026153.9749143","6.4","91.6","12016","88065","9264","1"
"1767026157.622861","9.4","93.8","12016","77505","9265","1"
"1767026161.1872568","10.8","94.3","12016","196954","9276","1"
"1767026164.5696292","6.7","94.0","12016","179771","9279","1"
"1767026168.038597","6.1","94.2","12018","106785","9266","1"
"1767026171.5643027","7.5","94.4","12014","148254","9248","1"
"1767026175.0591397","7.9","88.8","12011","49903","9254","1"
"1767026178.4624267","6.3","85.6","12011","12467","9251","1"
"1767026181.8147392","6.7","86.1","12014","674","9243","1"
"1767026185.0744703","6.0","86.2","12013","16421","9248","1"
"1767026188.7055843","6.3","86.4","12012","1679","9240","1"
"1767026192.2578468","6.9","85.8","12011","199918","9216","1"
"1767026195.736805","6.0","85.8","12008","112106","9212","1"
"1767026199.24645","6.2","85.7","12008","81555","9214","1"
"1767026202.8045413","7.7","86.2","12012","107495","9240","1"
"1767026206.2181208","6.2","86.3","12012","127865","9242","1"
"1767026209.5706978","6.4","86.2","12012","87892","9230","1"
"1767026213.0290985","6.6","85.7","12007","80300","9210","1"
"1767026216.5326962","6.4","85.8","12007","100347","9211","1"
"1767026219.8598082","6.1","85.7","12007","89905","9208","1"
"1767026223.0891376","6.0","85.8","12005","10475","9208","1"
"1767026226.3447003","5.8","85.7","12005","75","9202","1"
"1767026229.6266892","6.2","85.7","12003","14274","9200","1"
"1767026232.9337556","6.0","85.6","12002","317","9188","1"
"1767026236.2082324","6.3","85.4","12002","6810","9142","1"
"1767026239.5534854","6.6","85.7","12002","152","9129","1"
"1767026242.8133554","6.1","85.7","12002","50733","9128","1"
"1767026246.0396378","5.9","85.7","12002","31476","9126","1"
"1767026249.346175","5.9","85.7","12003","450","9121","1"
"1767026252.5992188","5.7","84.9","12000","5929","9112","1"
"1767026255.824109","6.1","84.9","11999","1621","9109","1"
"1767026259.0220397","5.9","84.9","11999","347","9112","1"
"1767026262.248805","7.1","86.5","12003","17070","9170","1"
"1767026265.5018525","6.1","86.5","12003","3818","9175","1"
"1767026268.833584","6.0","86.3","12003","1252","9175","1"
"1767026272.1132798","5.8","86.4","12003","350","9168","1"
"1767026276.660297","9.1","90.2","12007","1356","9247","1"
"1767026280.099673","8.6","88.0","12006","766341","9251","1"
"1767026283.3737903","6.0","88.1","12006","130847","9254","1"
"1767026286.709668","7.2","87.9","12007","86","9249","1"
"1767026290.0424366","6.1","87.6","12003","7198","9236","1"
"1767026293.343564","5.8","87.6","12004","196","9220","1"
"1767026296.5398343","5.8","87.5","12002","6353","9219","1"
"1767026299.8488948","6.0","87.5","12002","254","9218","1"
"1767026303.0925806","6.2","87.5","12004","163","9215","1"
"1767026306.3626416","5.9","87.4","12004","3029","9214","1"
"1767026309.6642742","6.2","86.8","12008","374","9207","1"
"1767026312.8980558","5.8","86.9","12007","4178","9184","1"
"1767026316.1288276","5.9","86.6","12007","981","9183","1"
"1767026319.5264301","6.4","87.7","12009","537","9188","1"
"1767026323.1618793","7.0","88.9","12018","14159","9253","1"
"1767026326.525643","6.3","88.7","12018","26180","9281","1"
"1767026329.8559809","6.0","88.7","12019","3834","9272","1"
"1767026333.1629992","5.8","88.7","12019","42","9263","1"
"1767026336.5028358","6.0","88.7","12019","421","9262","1"
"1767026339.8472416","6.0","88.6","12018","363","9258","1"
"1767026343.2252069","6.0","89.1","12018","546","9262","1"
"1767026346.515036","6.4","89.1","12018","258","9288","1"
"1767026349.9916306","7.1","89.5","12016","874","9301","1"
"1767026353.4199204","6.6","89.1","12011","1712","9293","1"
"1767026356.693464","6.1","89.1","12009","6372","9289","1"
"1767026359.9961092","5.9","89.2","12009","132","9286","1"
"1767026363.3228176","5.9","89.1","12009","167","9278","1"
"1767026366.7069225","6.5","89.1","12009","303","9278","1"
"1767026369.985828","5.8","88.4","12009","235","9203","1"
"1767026373.2738216","5.9","88.4","12008","920","9197","1"
"1767026376.5457375","5.8","88.4","12006","973","9197","1"
"1767026379.988902","6.4","89.2","12012","6280","9206","1"
"1767026383.3552713","6.1","89.2","12015","220228","9218","1"
"1767026386.9731333","7.1","89.3","12012","23900","9214","1"
"1767026390.7325718","7.9","89.2","12013","12935","9222","1"
"1767026394.0021856","6.9","89.4","12014","18463","9242","1"
"1767026397.2301106","6.6","89.5","12010","1024","9248","1"
"1767026400.5947933","7.1","89.6","12006","230","9250","1"
"1767026403.8720074","6.9","89.6","12005","570","9246","1"
"1767026407.2541032","7.4","88.5","12005","0","9201","1"
"1767026410.397421","6.4","88.3","12001","2708","9187","1"
"1767026413.5233395","6.1","88.2","12002","520","9186","1"
"1767026416.6423168","5.8","87.5","12000","8855","9183","1"
"1767026419.7474506","5.9","87.5","12000","254","9178","1"
"1767026422.8753345","6.0","87.0","11999","0","9161","1"
"1767026425.985519","5.9","87.0","11999","10295","9161","1"
"1767026429.0817277","5.9","87.0","11999","272","9163","1"
"1767026432.1633966","5.9","86.3","11996","188","9137","1"
"1767026435.2636795","6.0","86.3","11997","1453","9128","1"
"1767026438.3699398","5.7","86.3","11996","258","9132","1"
"1767026441.5849223","7.9","87.7","12000","8769","9184","1"
"1767026444.7485704","5.9","87.6","12000","12619","9183","1"
"1767026447.8784893","5.9","87.7","12001","8906","9177","1"
"1767026451.019326","5.9","87.6","12000","157","9165","1"
"1767026454.1331","5.7","87.6","11998","288","9163","1"
"1767026457.272745","6.4","87.6","12000","272","9168","1"
"1767026460.3895674","5.8","87.7","12000","2089","9170","1"
"1767026463.5074663","5.8","87.7","12000","55","9171","1"
"1767026466.6313677","5.9","87.8","12000","42","9166","1"
"1767026469.780926","6.2","87.4","11998","415","9156","1"
"1767026472.8706992","5.8","87.2","11999","560","9138","1"
"1767026476.147435","7.8","82.2","11999","5826","9139","1"
"1767026479.239345","5.9","82.1","11999","142","9143","1"
"1767026482.343904","5.9","82.2","11999","3","9136","1"
"1767026485.4380467","5.7","82.2","11999","262","9133","1"
"1767026488.5240512","6.1","81.3","11999","79","9125","1"
"1767026491.6128442","5.9","80.8","11993","560","9102","1"
"1767026494.6758678","5.8","80.7","11994","886","9099","1"
"1767026497.7489994","5.8","80.7","11994","537","9096","1"
"1767026500.9291508","6.1","81.7","12000","340","9097","1"
"1767026504.0220861","6.0","81.8","11999","22836","9105","1"
"1767026507.1156044","6.4","81.7","11998","4161","9084","1"
"1767026510.1945038","6.2","81.7","11998","762","9082","1"
"1767026513.2899537","6.3","81.7","11997","217","9080","1"
"1767026516.3673956","5.8","81.6","11996","0","9081","1"
"1767026519.4689217","5.7","81.6","11996","172","9092","1"
"1767026522.5676892","6.1","81.6","11996","0","9097","1"
"1767026525.6761994","5.8","81.6","11999","0","9093","1"
"1767026528.7973633","5.8","82.2","11997","13548","9095","1"
"1767026531.9420447","7.4","82.5","11992","285","9097","1"
"1767026535.024943","5.8","82.5","11993","3239","9101","1"
"1767026538.128161","5.8","82.3","11993","5159","9097","1"
"1767026541.2022886","5.7","82.3","11993","382","9098","1"
"1767026544.2910051","5.6","82.3","11993","0","9097","1"
"1767026547.4101257","6.0","82.2","11993","260","9099","1"
"1767026550.4966893","5.9","81.6","11993","211","9069","1"
"1767026553.567556","5.9","81.6","11992","42","9068","1"
"1767026556.6557353","5.7","81.6","11995","3596","9071","1"
"1767026560.000581","9.0","85.5","12000","313","9061","1"
"1767026563.0983179","5.8","85.4","12000","24480","9105","1"
"1767026566.2136662","5.8","85.4","12001","4107","9107","1"
"1767026569.3138268","5.9","85.4","12001","2631","9100","1"
"1767026572.412798","5.7","85.4","12001","285","9093","1"
"1767026575.5345445","5.8","85.5","12001","0","9110","1"
"1767026578.6658506","5.7","85.5","12001","314","9119","1"
"1767026581.7609482","5.7","85.5","12001","459","9119","1"
